
drop database if exists sobrenatural;
create database sobrenatural;
use sobrenatural;


create table base(
id int unsigned primary key auto_increment,
localidad varchar(40),
direccion varchar(150)
);

create table agente(
id int unsigned primary key auto_increment,
nombre varchar(50),
fecha_nacimiento date,
especialidad enum('agente de campo', 'archivo','administrativo','diplomático'),
id_base int unsigned,
foreign key (id_base) references base(id));



create table especie(
id int unsigned primary key auto_increment,
nombre varchar(40),
descripcion varchar(250)
);

create table ser(
id int unsigned primary key auto_increment,
nombre varchar(50),
edad int,
descripcion_fisica varchar(250),
id_especie int unsigned,
foreign key(id_especie) references especie(id));

create table vulnerabilidad(
id int unsigned primary key auto_increment,
nombre varchar(40));
create table vulnerabilidad_especie(
id_vulnerabilidad int unsigned,
id_especie int unsigned,
foreign key(id_vulnerabilidad) references vulnerabilidad(id),
foreign key(id_especie) references especie(id),
primary key(id_vulnerabilidad, id_especie)
);


create table arma(
id int unsigned primary key auto_increment,

tipo enum('fuego','filo','proyectiles', 'contundente','otros'),
id_vulnerabilidad int unsigned,
foreign key (id_vulnerabilidad) references vulnerabilidad(id)
);
create table sustancia(
id int unsigned primary key auto_increment,
id_vulnerabilidad int unsigned,
foreign key (id_vulnerabilidad) references vulnerabilidad(id)
);

create table libro(
id int unsigned primary key auto_increment,
titulo varchar(50)
);
create table libro_base(
id_libro int unsigned,
id_base int unsigned,
foreign key(id_libro) references libro(id),
foreign key (id_base) references base(id),
primary key(id_libro, id_base));

create table hechizo(
id int unsigned primary key auto_increment,
id_vulnerabilidad int unsigned,
id_libro int unsigned,
foreign key (id_vulnerabilidad) references vulnerabilidad(id),
foreign key(id_libro) references libro(id)
);

create table ingrediente(
id int unsigned primary key auto_increment,
nombre varchar(50),
origen enum('animal','vegetal','mineral','energético'));


create table mision(
id int unsigned primary key auto_increment,
fecha_inicio date,
codigo varchar(12),
objetivo enum('caza','vigilancia','contacto','información')
);
create table ingrediente_hechizo(
id_ingrediente int unsigned,
id_hechizo int unsigned,
foreign key (id_ingrediente) references ingrediente(id),
foreign key(id_hechizo) references hechizo(id),
primary key (id_ingrediente, id_hechizo)
);

create table agente_mision(
id_agente int unsigned,
id_mision int unsigned,
foreign key (id_agente) references agente(id),
foreign key(id_mision) references mision(id),
primary key(id_agente, id_mision));
create table mision_ser(
id_ser int unsigned,
id_mision int unsigned,
foreign key (id_ser) references ser(id),
foreign key(id_mision) references mision(id),
primary key(id_ser, id_mision));

delimiter |
create trigger edades before insert on ser
for each row
begin
declare prob int;
set prob=(select floor(rand()*10));
if prob<6 then
set new.edad=(select floor(1+rand()*97));
elseif prob <9 then
	set new.edad=(select floor(50+rand()*200));
    else
    set new.edad=(select floor(200+rand()*2000));
    end if;
end;
|
delimiter ;




SET NAMES 'utf8';
USE sobrenatural;


--
-- Inserting data into table base
--
INSERT INTO base(id, localidad, direccion) VALUES
(1, 'Middlesbrough', '51-17 Great Suffolk Street'),
(2, 'Southampton', '21-59 Scarborough Road'),
(3, 'Oxford', '4-8 Hamilton Court'),
(4, 'Swindon', '2-7 Peartree Way'),
(5, 'Milton Keynes', '34 Flanders Way'),
(6, 'Southend-on-Sea', '5 Parkhurst Road'),
(7, 'West Bromwich', '33-47 Belgrave Square'),
(8, 'Blackburn', '6 Curtain Road'),
(9, 'Peterborough', '4-9 Diana Road'),
(10, 'Cambridge', '43-48 Aylward Road'),
(11, 'Ipswich', '1-8 Douglas Avenue'),
(12, 'Blackpool', '5-9 Postmill Close'),
(13, 'Manchester', '5-8 Evenwood Close'),
(14, 'Newcastle upon Tyne', '3-8 Littleton Crescent'),
(15, 'Walsall', '3 Pembroke Road'),
(16, 'Plymouth', '32-47 Warton Court'),
(17, 'Wolverhampton', '43-47 Vauxhall Grove'),
(18, 'Kingston upon Hull', '5-8 Waterside Close'),
(19, 'Northampton', '2 Broadway'),
(20, 'Telford', '193 A-C Roupell Street'),
(21, 'Colchester', '5-6 Pembridge Square'),
(22, 'Bolton', '3 Emerald Square'),
(23, 'Coventry', '53-28 Mansel Grove'),
(24, 'St Helens', '35-29 Upper Berkeley Street'),
(25, 'Dudley', '2-6 Abercorn Crescent'),
(26, 'Poole', '1-8 Cavendish Square'),
(27, 'Norwich', '1 Bridgewater Road'),
(28, 'Watford', '7 Fitzroy Square'),
(29, 'Reading', '35-27 Scarborough Road'),
(30, 'Bournemouth', '63 Meeting House Lane'),
(31, 'Portsmouth', '52-49 Acol Road'),
(32, 'Nottingham', '31-48 Walterton Road'),
(33, 'Preston', '23-17 Bonner Street'),
(34, 'Crawley', '89 Percy Road'),
(35, 'Stockport', '344 A-D Dorrell Place');

--
-- Inserting data into table especie
--
INSERT INTO especie(id, nombre, descripcion) VALUES
(1, 'Vampiro', 'Ser nocturno que se alimenta de la sangre de los vivos, parecen duros, pero se puede acabar con ellos con un lápiz...'),
(2, 'Licántropo', 'Está maldito y ahora se convierte en un furro con hambre las noches de luna llena'),
(3, 'Ángel', 'Huestes del Señor, seres alados e inocentones. La carnaza del cielo'),
(4, 'Arcángel', 'Comandante de las huestes celestiales, suelen tener su propia agenda oculta'),
(5, 'Demonio', 'Huestes del infierno, se dedican a corromper almas al modo artesanal'),
(6, 'Ángel caído', 'En el cielo era uno más, en el infierno corta el bacalao'),
(7, 'Profundo', 'Ojos saltones, piel pálida y pies palmeados. Puede que haya alguno en tu árbol familiar ¿Te gusta nadar?'),
(8, 'Zombi', 'No respira y su corazón no late, por lo demás podría ser tu contable o tu casera. Predilección por los sesos poco hechos'),
(9, 'Wendigo', 'El que camina con el viento... demasiado poético para una criatura que solo busca tu tuétano'),
(10, 'Slender-persona', 'Se dedidan a fastidiar selfies apareciendo borrosos en el fondo, de vez en cuando también se llevan algún niño'),
(11, 'Fae', 'Hadas, gente pequeña, el pueblo alegre, ante todo aceptes nada de lo que te ofrezcan'),
(12, 'Fantasma', 'Su cuerpo hace tiempo que fue comido por los gusanos, pero sigue por ahí, la mentándose y comunicándose con la gente de formas extrañas'),
(13, 'Espectro', 'Fantasma venido a más y con muy mala leche'),
(14, 'Chica de la curva', 'Pelo largo y oscuro, camisón mojado... en esa curva me maté yo'),
(15, 'Nigromante nazi', 'Sí, son nazis, sí, siguen vivos desde la época del Reich y sí, tienas vía libre para dispararles'),
(16, 'Deidad', 'A parte del mandamás, hay otros dioses, venidos a menos, a los que es mejor no tocar las narices'),
(17, 'Doppleganger', '¿Te acusan de cosas que no recuerdas?, ¿Te has visto de lejos? Parece que tienes un doble oscuro'),
(18, 'Ladrón de pieles', 'No lo pierdas de vista o podría ser cualquiera'),
(19, 'Lamia', 'No la llames vampiro, si no quieres tener que sacarte su tacón de donde ya sabes'),
(20, 'Sirena', 'Uno o dos hombres desaparecidos no se notarán, verdad?');

--
-- Inserting data into table ingrediente
--
INSERT INTO ingrediente(id, nombre, origen) VALUES
(1, 'Retinader', NULL),
(2, 'Amptelleron', 'energético'),
(3, 'Fuego', 'energético'),
(4, 'Luz de luna', 'energético'),
(5, 'Rocío', 'mineral'),
(6, 'Circonita', 'mineral'),
(7, 'Bitectfiry', 'vegetal'),
(8, 'Printtinor', 'vegetal'),
(9, 'Readwoofefar', 'vegetal'),
(10, 'Sangre', 'animal'),
(11, 'Subjectexer', 'energético'),
(12, 'Subtellor', 'mineral'),
(13, 'Comwoofphone', 'vegetal'),
(14, 'Printcordonscope', 'mineral'),
(15, 'Amppicker', 'mineral'),
(16, 'Comniscope', 'energético'),
(17, 'Mictinor', 'vegetal'),
(18, 'Comlictar', 'animal'),
(19, 'Transwoofon', 'animal'),
(20, 'Supcordry', 'energético'),
(21, 'Transcessentor', 'animal'),
(22, 'Tabtaopor', 'animal'),
(23, 'Bicessiner', 'vegetal'),
(24, 'Bifindexscope', 'mineral'),
(25, 'Teoplottexentor', 'mineral'),
(26, 'Suptopfior', NULL),
(27, 'Teoputor', 'mineral'),
(28, 'Micbandiner', 'energético'),
(29, 'Retaoller', 'mineral'),
(30, 'Tabculupscope', 'energético'),
(31, 'Comtiner', NULL),
(32, 'Printlifiepator', 'vegetal'),
(33, 'Annior', 'animal'),
(34, 'Armlicticor', 'energético'),
(35, 'Tabcordplphone', 'animal'),
(36, 'Bitaonentor', 'vegetal'),
(37, 'Monotecter', 'animal'),
(38, 'Anwooficor', 'animal'),
(39, 'Concesson', 'animal'),
(40, 'Saccessentor', 'vegetal'),
(41, 'Printputgalet', 'animal'),
(42, 'Chartiner', 'animal'),
(43, 'Monleor', 'mineral'),
(44, 'Comculer', 'animal'),
(45, 'Suppicker', 'vegetal'),
(46, 'Retinridge', 'energético'),
(47, 'Contascope', 'vegetal'),
(48, 'Teocordlet', 'animal'),
(49, 'Monobandentor', 'mineral'),
(50, 'Monopickridge', 'mineral'),
(51, 'Subputimer', 'mineral'),
(52, 'Proniscope', 'animal'),
(53, 'Monfindar', 'mineral'),
(54, 'Cartcordexor', 'mineral'),
(55, 'Cleanceivar', 'animal'),
(56, 'Corriente eléctrica', 'energético'),
(57, 'Tabcyclar', 'mineral'),
(58, 'Tabcordonridge', 'animal'),
(59, 'Retectanra', 'mineral'),
(60, 'Commutplscope', 'animal'),
(61, 'Teocyclimridge', 'animal'),
(62, 'Subholdfier', 'animal'),
(63, 'Comfindry', 'energético'),
(64, 'Playcessadon', 'energético'),
(65, 'Printtopaner', 'mineral'),
(66, 'Teofindedor', 'animal'),
(67, 'Charculridge', 'animal'),
(68, 'Mictinicry', 'animal'),
(69, 'Cabcessleter', 'mineral'),
(70, 'Readcyclimra', 'energético'),
(71, 'Relictentor', NULL),
(72, 'Projecton', 'vegetal'),
(73, 'Continentor', NULL),
(74, 'Ampjecter', 'mineral'),
(75, 'Cabbandphone', 'energético'),
(76, 'Monceivphone', NULL),
(77, 'Monopickra', 'energético'),
(78, 'Sactinexlet', 'energético'),
(79, 'Tweetwoofer', 'animal'),
(80, 'Transtaator', 'vegetal'),
(81, 'Playtinletar', NULL),
(82, 'Readcordplon', 'animal'),
(83, 'Cabjectopor', 'mineral'),
(84, 'Tweetwoofphone', 'vegetal'),
(85, 'Supcordscope', 'vegetal'),
(86, 'Teotinoller', 'vegetal'),
(87, 'Biculinator', 'animal'),
(88, 'Monoceivar', 'animal'),
(89, 'Tweetwoofleter', 'energético'),
(90, 'Cabmutry', 'energético'),
(91, 'Subpicklet', 'energético'),
(92, 'Cabcordador', 'mineral'),
(93, 'Saccordar', 'mineral'),
(94, 'Tweetbandra', 'animal'),
(95, 'Continleter', 'energético'),
(96, 'Playtiner', 'animal'),
(97, 'Retoplet', NULL),
(98, 'Stereofindollphone', 'vegetal'),
(99, 'Tweetlictader', 'animal'),
(100, 'Transceivgaentor', 'animal'),
(101, 'Reholderra', 'animal'),
(102, 'Subcessor', 'vegetal'),
(103, 'Readjectator', 'energético'),
(104, 'Armwoofphone', 'mineral'),
(105, 'Armcyclfier', 'vegetal'),
(106, 'Propickador', 'energético'),
(107, 'Miccordry', 'vegetal'),
(108, 'Anputefry', 'mineral'),
(109, 'Cartlifier', 'mineral'),
(110, 'Reholdinra', 'vegetal'),
(111, 'Concordra', 'animal'),
(112, 'Printplottommra', 'vegetal'),
(113, 'Readtaor', 'mineral'),
(114, 'Suptaplar', 'mineral'),
(115, 'Biholdentor', 'animal'),
(116, 'Proputator', 'mineral'),
(117, 'Tabplottry', 'mineral'),
(118, 'Miccordentor', 'mineral'),
(119, 'Readculedgry', 'animal'),
(120, 'Charculscope', 'energético'),
(121, 'Amptectimator', 'energético'),
(122, 'Subtectonor', 'energético'),
(123, 'Bicessgaridge', 'mineral'),
(124, 'Probandoller', 'energético'),
(125, 'Moncyclridge', 'mineral'),
(126, 'Concyclexar', 'vegetal'),
(127, 'Propickon', 'mineral'),
(128, 'Cleantaer', 'vegetal'),
(129, 'Transmutry', 'vegetal'),
(130, 'Tecorder', 'animal'),
(131, 'Proculry', 'animal'),
(132, 'Readbander', 'animal'),
(133, 'Conbander', 'mineral'),
(134, 'Monotellor', 'energético'),
(135, 'Mictaar', 'mineral'),
(136, 'Sacculewry', 'energético'),
(137, 'Readcyclimentor', 'vegetal'),
(138, 'Monomutaquphone', 'vegetal'),
(139, 'Comtoper', 'vegetal'),
(140, 'Teputommry', 'mineral'),
(141, 'Supwoofry', 'energético'),
(142, 'Teofindridge', 'mineral'),
(143, 'Biwoofor', 'vegetal'),
(144, 'Stereotinexar', 'mineral'),
(145, 'Sactecter', 'energético'),
(146, 'Releentor', 'vegetal'),
(147, 'Tweetlictor', 'animal'),
(148, 'Teocessicator', 'energético'),
(149, 'Anplottscope', 'mineral'),
(150, 'Ampbandanra', 'mineral'),
(151, 'Suptara', 'vegetal'),
(152, 'Subplotter', 'vegetal'),
(153, 'Comtoper', 'vegetal'),
(154, 'Saccyclor', 'vegetal'),
(155, 'Transpickeplet', 'animal'),
(156, 'Comcessupra', 'animal'),
(157, 'Ampholder', 'mineral'),
(158, 'Probandonor', 'animal'),
(159, 'Receivicscope', 'energético'),
(160, 'Recordentor', 'energético'),
(161, 'Comjectupra', 'animal'),
(162, 'Micpicklet', 'energético'),
(163, 'Conlifigaor', 'animal'),
(164, 'Monplottanra', NULL),
(165, 'Cleanjectfientor', 'vegetal'),
(166, 'Mictopinor', 'animal'),
(167, 'Subcordor', NULL),
(168, 'Armlifiar', 'animal'),
(169, 'Teocessinor', 'mineral'),
(170, 'Tweetfindator', 'mineral'),
(171, 'Ampcorder', 'animal'),
(172, 'Renilet', 'animal'),
(173, 'Supcordgaon', 'animal'),
(174, 'Comcordinator', 'animal'),
(175, 'Tweetputer', 'animal'),
(176, 'Monoholdepor', 'vegetal'),
(177, 'Cabcordentor', 'energético'),
(178, 'Micfindfior', 'animal'),
(179, 'Tweettopupra', 'mineral'),
(180, 'Replottedgentor', 'energético'),
(181, 'Comtopphone', 'animal'),
(182, 'Reputoner', 'vegetal'),
(183, 'Monobandar', 'animal'),
(184, 'Rejecton', 'mineral'),
(185, 'Stereoniscope', 'energético'),
(186, 'Cabputridge', 'mineral'),
(187, 'Ampcordommscope', 'energético'),
(188, 'Cabfindentor', 'mineral'),
(189, 'Readculoller', 'energético'),
(190, 'Tabcessommlet', 'vegetal'),
(191, 'Readtopinar', 'mineral'),
(192, 'Sacceivplentor', 'vegetal'),
(193, 'Armnier', 'animal'),
(194, 'Confindra', 'vegetal'),
(195, 'Teotinlet', 'vegetal'),
(196, 'Stereoholdaquar', 'vegetal'),
(197, 'Tweetlictollor', 'vegetal'),
(198, 'Relicter', 'animal'),
(199, 'Monocyclgaer', 'mineral'),
(200, 'Cabtinra', 'energético');

--
-- Inserting data into table libro
--
INSERT INTO libro(id, titulo) VALUES
(1, 'La oculta sabiduría de Abe Sims'),
(2, 'La maldita maldición de Rocky Souza'),
(3, 'La mística maldición de Carina Summers'),
(4, 'Los grandes misterios de Jed Feliciano'),
(5, 'El gran misterio de Dina Dykes'),
(6, 'Las ocultas profecías de Joella Oconnell'),
(7, 'La maldita sabiduría de Ambrose Tavares'),
(8, 'Los arcanos misterios de Trinidad Wright'),
(9, 'Las ocultas profecías de Devora Acker'),
(10, 'La gran maldición de Odilia Archer'),
(11, 'Las malditas profecías de David Plante'),
(12, 'El oculto conocimiento de Brigid Jaramillo'),
(13, 'El arcano conocimiento de los cielos'),
(14, 'La maldita maldición de Jed Abreu'),
(15, 'La mística sabiduría de Evonne East'),
(16, 'Los arcanos misterios de Mattie Acker'),
(17, 'Las místicas profecías de Junior House'),
(18, 'Las ocultas profecías de Dollie Howard'),
(19, 'La oculta sabiduría de Margene Mata'),
(20, 'Los ocultos secretos de Mark Irizarry'),
(21, 'Las místicas profecías de Rivka Noel'),
(22, 'Las malditas profecías de Shelley Truong'),
(23, 'La arcana maldición de Janiece Bergeron'),
(24, 'La gran sabiduría de Yolanda Bunnell'),
(25, 'Las malditas profecías de Aimee Morley'),
(26, 'Las acertadas profecías de Deshawn Catron'),
(27, 'Las ocultas profecías de Johnny Hough'),
(28, 'El maldito misterio de Felton Swift'),
(29, 'Las malditas profecías de Lynell Abbott'),
(30, 'El místico conocimiento de Sonny Day'),
(31, 'La gran sabiduría de los cielos'),
(32, 'Los malditos secretos de Alexis Farias'),
(33, 'La maldita maldición de Rashad Proctor'),
(34, 'El gran misterio de Nicolas Adair'),
(35, 'El gran conocimiento de Alfredo Windham'),
(36, 'Los ocultos secretos de Willard Aiello'),
(37, 'Los místicos misterios de Rodney Alonso'),
(38, 'El místico misterio de Casimira Tobias'),
(39, 'Las grandes profecías de Ricardo Shook'),
(40, 'La arcana sabiduría de Willene Homer'),
(41, 'El gran conocimiento de Kaye Pennell'),
(42, 'Las malditas profecías de Daren Abernathy'),
(43, 'Las grandes profecías de Conrad Mueller'),
(44, 'El místico misterio de Margarita Murphy'),
(45, 'La arcana maldición de Daina Murry'),
(46, 'Los arcanos misterios de Edra Echevarria'),
(47, 'El arcano conocimiento de Eric Abernathy'),
(48, 'El oculto conocimiento de Ambrose Anders'),
(49, 'Las grandes profecías de Larry Halcomb'),
(50, 'Los arcanos secretos de los cielos'),
(51, 'Los malditos misterios de Quintin Flowers'),
(52, 'Las arcanas profecías de Frederick Clements'),
(53, 'El maldito conocimiento de Lauren Cervantes'),
(54, 'Las acertadas profecías de Carmelo Butler'),
(55, 'El místico conocimiento de los cielos'),
(56, 'Los místicos secretos de Cheryl Oneal'),
(57, 'Los grandes misterios de Jeremy Nicholson'),
(58, 'El místico misterio de Vince Meador'),
(59, 'Los malditos secretos de Crystal Coronado'),
(60, 'Las místicas profecías de Marianna Adcock'),
(61, 'Las acertadas profecías de Trisha Mcmaster'),
(62, 'La arcana sabiduría de Ted Becker'),
(63, 'La mística sabiduría de Hubert Daily'),
(64, 'La gran sabiduría de Evelia John'),
(65, 'Los grandes secretos de Maryanna Amato'),
(66, 'Las grandes profecías de Brock Anglin'),
(67, 'Las místicas profecías de Kip Barrera'),
(68, 'Los místicos misterios de Gladys Moniz'),
(69, 'Los malditos secretos de Sheldon Eaton'),
(70, 'Los ocultos secretos de Debroah Fournier');

--
-- Inserting data into table mision
--
INSERT INTO mision(id, fecha_inicio, codigo, objetivo) VALUES
(1, '2018-01-18', 'GNM557A1', 'caza'),
(2, '2010-06-08', 'BZSTH6B3', 'información'),
(3, '2014-11-07', '059Q35W7', 'vigilancia'),
(4, '2005-10-13', 'DEVU8B5G', 'vigilancia'),
(5, NULL, '672155N6', 'vigilancia'),
(6, NULL, '0TCXB7P0', 'información'),
(7, '1986-04-14', 'TK7UFWLC', 'caza'),
(8, '1976-12-03', 'KM4YM413', 'vigilancia'),
(9, '2011-05-31', 'YST2850H', 'información'),
(10, '2010-06-16', '63B06164', 'vigilancia'),
(11, '2008-12-26', 'INC2JK22', 'contacto'),
(12, '1987-12-22', '86N75QC5', 'caza'),
(13, '1970-01-05', 'T972B127', 'caza'),
(14, '1986-08-11', 'DU42QWR9', 'información'),
(15, '1983-04-29', 'CSN91AO5', 'información'),
(16, '1977-05-06', 'R40W710G', 'información'),
(17, '1970-07-02', 'O14PFZID', 'información'),
(18, '1997-03-06', '573LCOZG', 'contacto'),
(19, '1971-07-20', '6R3XSLU3', 'caza'),
(20, '2017-01-10', '0R510ZC1', 'información'),
(21, '1985-04-28', '87RR1G62', 'contacto'),
(22, '1978-01-28', '4HMPXSJC', 'caza'),
(23, '1994-06-28', '4H25CMBC', 'caza'),
(24, '1970-01-10', '175AS63N', 'información'),
(25, '1970-01-24', '5N30745G', 'caza'),
(26, NULL, 'BL03576B', 'vigilancia'),
(27, '1982-11-23', '1509W10P', 'información'),
(28, '1995-04-02', 'FJO6497N', 'caza'),
(29, '1971-06-12', 'QKK0N07N', 'caza'),
(30, '2011-11-30', '2J201FY9', 'caza'),
(31, '1971-12-09', '9326QR5S', 'caza'),
(32, '1984-05-13', '6CPWVITQ', 'caza'),
(33, '1970-03-23', '69Q8JLLW', 'información'),
(34, '2008-06-04', 'E62LESY8', 'caza'),
(35, '1971-09-20', '9A8IV5OI', 'vigilancia'),
(36, '2006-05-08', 'INOJZ7ZH', 'caza'),
(37, '1987-11-08', 'RC5F4R6A', 'contacto'),
(38, '1976-08-31', 'A7AK79HF', 'información'),
(39, '1999-02-14', 'WOHH87RO', 'información'),
(40, '1984-03-28', '9QOLMNZE', 'información'),
(41, '1972-04-20', 'DDGBVF37', 'caza'),
(42, '2015-11-05', 'I5YCM15M', 'contacto'),
(43, '1979-01-14', '37W6C595', 'caza'),
(44, '1972-02-08', 'VZY08J4E', 'información'),
(45, NULL, '4K0K7GTI', 'caza'),
(46, '1970-02-17', 'GU69HQ50', 'caza'),
(47, '2001-01-31', 'P006U804', 'caza'),
(48, '2002-12-31', '4TF21166', 'contacto'),
(49, '1971-05-13', '2FAR65EY', 'vigilancia'),
(50, '2001-06-12', '4CBX18Q1', 'caza'),
(51, '1970-04-04', 'TW9V1HA8', 'caza'),
(52, NULL, 'OP9H0998', 'caza'),
(53, NULL, '6R803BXN', 'información'),
(54, '1981-03-06', 'PTYP3703', 'caza'),
(55, '1991-09-15', 'YTD898A3', 'información'),
(56, '1970-06-09', 'GB745504', 'información'),
(57, '1994-11-01', '143H216N', 'vigilancia'),
(58, '1998-01-31', 'Y3DT554Z', 'contacto'),
(59, '1972-01-30', 'B210815V', 'vigilancia'),
(60, '2017-10-31', 'LA9I8GIQ', 'información'),
(61, '1988-10-02', 'TE5AD1Z4', 'información'),
(62, '2018-02-25', 'D94J9982', 'información'),
(63, '1989-10-11', '285129GO', 'caza'),
(64, '1987-01-14', 'ZI1Y0X7N', 'caza'),
(65, '1982-07-01', 'XQ4555HQ', 'caza'),
(66, NULL, 'L4D09MSJ', 'vigilancia'),
(67, '1996-05-21', 'Z73VZGSU', 'vigilancia'),
(68, '1970-11-05', 'PL9T0VKK', 'información'),
(69, '1998-01-21', '049OU0O3', 'caza'),
(70, '2004-08-13', 'V3CI77Z7', 'caza'),
(71, '1981-04-03', 'UNW19EK3', 'caza'),
(72, '2014-07-07', 'XC12009R', 'información'),
(73, '1990-06-21', '3H320KGY', 'información'),
(74, '1970-02-23', '2ZEZ7F85', 'caza'),
(75, '1972-11-02', 'FSQ27D8H', 'vigilancia'),
(76, '2010-02-21', 'J6HIH5WT', 'caza'),
(77, '1986-06-11', 'GP981SA2', 'caza'),
(78, '2010-11-13', '0ALHD085', 'vigilancia'),
(79, '2017-11-21', 'GU32O8I7', 'contacto'),
(80, NULL, 'AP04O2DK', 'información'),
(81, '2013-09-29', 'COA9N70W', 'vigilancia'),
(82, '1971-12-07', 'OJ190925', 'caza'),
(83, '2008-06-20', '5661U26Z', 'información'),
(84, '2009-10-24', '8OC797W8', 'caza'),
(85, '1971-09-27', '7PQ0KP80', 'caza'),
(86, NULL, '81KYBZ84', 'caza'),
(87, NULL, 'WJ5D473H', 'caza'),
(88, '1977-03-15', 'YZKJ813S', 'vigilancia'),
(89, '2017-08-31', 'TDA2636Y', 'caza'),
(90, '1991-04-08', 'GMPPD99S', 'información'),
(91, '1970-01-04', '1X13GT5H', 'información'),
(92, '1974-03-15', 'HJ66443K', 'información'),
(93, '1970-01-08', '5B5F3ETI', 'vigilancia'),
(94, '2012-07-04', 'Z764OW95', 'información'),
(95, NULL, 'FEW7L708', 'caza'),
(96, '1970-01-03', 'NMET3C1E', 'vigilancia'),
(97, '1993-11-08', 'CH1DV335', 'vigilancia'),
(98, NULL, 'K0NGB319', 'información'),
(99, '1970-08-20', 'N99BX1J5', 'información'),
(100, '1989-03-14', '84175KYU', 'información'),
(101, '1970-01-05', '82JQPMXK', 'contacto'),
(102, '1976-08-03', '71D6W450', 'caza'),
(103, '1970-01-09', 'RN09J685', 'vigilancia'),
(104, '2010-01-17', '03YKH8S6', 'caza'),
(105, '1970-01-06', '8XCN68E1', 'información'),
(106, '1970-01-03', '79Q26095', 'caza'),
(107, NULL, '286880X7', 'caza'),
(108, '1970-11-24', 'S8V287PM', 'contacto'),
(109, '2007-05-14', 'RP259336', 'información'),
(110, '1972-06-13', '8T65265R', 'información'),
(111, '2002-02-26', 'IQ85ZR49', 'contacto'),
(112, '1994-03-18', '75L9E652', 'caza'),
(113, '2007-01-01', 'GBZH5VK2', 'información'),
(114, '1976-07-20', 'S5OG0313', 'vigilancia'),
(115, '1970-01-07', 'E59633TA', 'vigilancia'),
(116, '1971-11-03', '4PP3LQ9U', 'vigilancia'),
(117, '2005-06-30', 'P0J5GSXC', 'información'),
(118, '1970-03-23', 'Y83M30E2', 'información'),
(119, '2003-08-31', 'WJ9ZS630', 'caza'),
(120, '2012-08-24', 'STKVEA9W', 'información'),
(121, '2003-01-11', 'AS4WMK30', 'caza'),
(122, '1991-11-08', 'ZYNQT2OL', 'información'),
(123, '1970-01-11', 'D6579ZM6', 'vigilancia'),
(124, '2017-09-14', 'NZ10S3IK', 'vigilancia'),
(125, '2012-07-12', '0X7940T3', 'contacto'),
(126, '1988-12-01', 'LW7U6666', 'caza'),
(127, '1995-04-07', '16L7AAZ6', 'caza'),
(128, '1984-06-17', '2M9WU1O3', 'caza'),
(129, '2003-09-11', '8L540KQG', 'caza'),
(130, '1974-11-16', '1AGV4R0P', 'caza'),
(131, '1971-02-08', '55SQ6G28', 'vigilancia'),
(132, '2007-04-18', 'X784LD2J', 'caza'),
(133, NULL, '4532KLYC', 'información'),
(134, '1970-01-19', '11691YFK', 'información'),
(135, '2019-11-22', '9IE8FLD0', 'caza'),
(136, '1972-04-13', 'S64O2666', 'caza'),
(137, '1979-01-29', 'N3K20602', 'información'),
(138, '1998-01-07', 'DTBGBOZB', 'información'),
(139, '2006-12-18', '2K74M935', 'caza'),
(140, NULL, '737T1631', 'caza'),
(141, '1970-01-08', '68E99E8Z', 'caza'),
(142, '1987-11-08', '7MML8ZJ8', 'información'),
(143, '1970-08-13', '83KW6JX6', 'información'),
(144, NULL, '6V74B2GJ', 'caza'),
(145, '2012-11-04', '6EPY6VC0', 'caza'),
(146, '1970-02-20', 'D89CYH53', 'información'),
(147, '1970-01-25', 'GILN8ZKX', 'caza'),
(148, '1970-02-10', '89UU5J93', 'información'),
(149, '1989-11-12', 'X7R1D01D', 'caza'),
(150, '2001-12-15', '0J47SCI6', 'vigilancia'),
(151, '2016-02-08', 'YA9T058E', 'vigilancia'),
(152, '1988-09-11', '0VA3B9P7', 'información'),
(153, '1974-03-30', 'GJMHR8K9', 'información'),
(154, '1986-02-21', '5TDP54G7', 'caza'),
(155, '1970-01-24', 'D3WN0H8C', 'información'),
(156, '2004-04-18', '309K35JF', 'información'),
(157, NULL, 'AM0YWDM7', 'contacto'),
(158, '1974-12-14', '2RV63W5J', 'caza'),
(159, '1997-06-02', 'RW8MNRA9', 'vigilancia'),
(160, '1978-02-05', '08396T95', 'información'),
(161, NULL, '8I719DCT', 'información'),
(162, '2002-10-16', '4GF23HY6', 'información'),
(163, '1970-02-14', 'F811896N', 'vigilancia'),
(164, '1971-09-15', '3DDV18W5', 'información'),
(165, '2001-03-01', 'W4LDRKUR', 'caza'),
(166, NULL, 'YACWH2PH', 'caza'),
(167, '2010-12-25', '2V3JX9I3', 'caza'),
(168, '1978-07-19', 'B2R00YE4', 'caza'),
(169, NULL, 'M0JX6YU0', 'caza'),
(170, '1970-03-14', '2N37FRF4', 'caza'),
(171, '2009-07-22', 'C7G7U40X', 'contacto'),
(172, '1970-01-03', '3444SXOM', 'caza'),
(173, '1984-07-01', 'BSS3M373', 'caza'),
(174, '1974-08-07', 'DBDOQL9P', 'información'),
(175, '2007-04-16', '9U54H3NJ', 'vigilancia'),
(176, '2011-05-18', 'TI42I329', 'caza'),
(177, '2001-08-20', 'G4F2TL9O', 'caza'),
(178, '2020-03-04', 'LS4M523V', 'caza'),
(179, '1970-01-31', '83E8Y7E0', 'caza'),
(180, '1993-10-31', '4MZ3WOGY', 'información'),
(181, '1976-01-09', '5267GYZ2', 'caza'),
(182, '1989-04-23', 'IDN579DI', 'vigilancia'),
(183, '1970-08-17', 'F4553W5I', 'caza'),
(184, '1994-12-17', 'G00DGSEO', 'vigilancia'),
(185, '1979-11-27', 'MQ1DQ149', 'vigilancia'),
(186, '1970-06-12', 'ZERHDU5A', 'contacto'),
(187, '1989-09-23', 'YXBE65PR', 'contacto'),
(188, '1988-12-08', 'EH2ZP70G', 'contacto'),
(189, '2006-01-19', '0UE5AK24', 'caza'),
(190, '2000-07-14', '9F1PV44F', 'vigilancia'),
(191, '2012-09-10', '8OYSFKR6', 'contacto'),
(192, '2003-04-11', '2E5405ZU', 'información'),
(193, '2019-08-18', '8UK3874X', 'caza'),
(194, NULL, 'AK6E33WQ', 'contacto'),
(195, '2006-02-28', 'XE2W8JX8', 'caza'),
(196, '1981-04-14', 'XU6PHE05', 'caza'),
(197, '1970-07-25', '630A13B6', 'caza'),
(198, '1970-01-07', '2OJCTF9X', 'información'),
(199, '1970-01-02', '19W45CQI', 'caza'),
(200, '1997-05-06', '0MYJUZX7', 'información'),
(201, '1992-02-28', 'T8KC2067', 'caza'),
(202, '2017-11-14', 'Y5A587J9', 'información'),
(203, '1972-02-23', '4Z462L6I', 'contacto'),
(204, '1970-06-02', '7RBB7O45', 'información'),
(205, '1976-05-31', '27700S79', 'información'),
(206, '1970-01-02', '0643C04B', 'caza'),
(207, '1984-12-21', 'P733PWJT', 'vigilancia'),
(208, '2012-04-10', '3J19WF1F', 'información'),
(209, NULL, 'PGF2V4U7', 'vigilancia'),
(210, '1999-08-24', 'Y01E7UIX', 'caza'),
(211, '2010-12-23', '7DH2B4GU', 'contacto'),
(212, '1987-07-23', 'EPZ82P68', 'vigilancia'),
(213, '1970-01-01', 'U7VHK3RA', 'información'),
(214, '2010-04-18', 'D5M563C5', 'contacto'),
(215, '1980-08-09', '01IYY1UG', 'contacto'),
(216, '1970-10-17', 'DMO8482N', 'caza'),
(217, NULL, 'Z59ZYW67', 'información'),
(218, '1970-01-30', '1J39H85R', 'caza'),
(219, '1993-09-28', '233T3FSW', 'caza'),
(220, '1981-08-23', 'PS17MMT9', 'información'),
(221, '1973-12-09', '8KN8XU26', 'vigilancia'),
(222, '1971-07-17', 'D78016R9', 'contacto'),
(223, '1980-09-01', 'X9ZKSR7M', 'caza'),
(224, '1971-11-20', 'JL640KM0', 'información'),
(225, '1999-01-19', 'B9PT126C', 'contacto'),
(226, '1974-05-20', 'H62K6BU8', 'información'),
(227, '1971-04-07', 'CK4MHWMR', 'información'),
(228, '1980-03-30', 'AMQV1MPE', 'contacto'),
(229, '1970-03-30', '1R7YUIDW', 'contacto'),
(230, '1970-01-01', 'Z3Q89J64', 'caza'),
(231, '1976-11-20', 'RUNAIEI6', 'caza'),
(232, '1970-03-30', '6N27UU67', 'caza'),
(233, '1970-01-23', '8687L983', 'caza'),
(234, '1970-01-05', '09I6X15D', 'caza'),
(235, '1991-04-02', 'FH076QY5', 'vigilancia'),
(236, '2020-11-20', 'G972B0DZ', 'caza'),
(237, '2007-09-23', '13804E1T', 'información'),
(238, '1987-04-22', 'S1SK060X', 'caza'),
(239, '1992-11-25', '2P9FU3GM', 'contacto'),
(240, NULL, '60XM12W2', 'caza'),
(241, '2020-07-16', 'HSH200XM', 'caza'),
(242, '1988-11-11', 'OFJ6RZ23', 'información'),
(243, '2008-05-24', 'J8JB244U', 'caza'),
(244, '1989-02-18', '1K4IC5S0', 'información'),
(245, '1996-09-03', 'MEO3B03E', 'información'),
(246, '2008-04-23', 'PLN614AH', 'caza'),
(247, '1970-03-05', '9601Q775', 'caza'),
(248, '1990-03-02', 'OT8RWSM1', 'contacto'),
(249, '1989-08-28', 'O2KH1T8Z', 'caza'),
(250, '1994-11-09', '70E9N45L', 'información'),
(251, '1999-12-09', 'J55D84II', 'vigilancia'),
(252, '2008-05-27', 'VIWM41N4', 'caza'),
(253, '2012-01-30', '2UZ55TN9', 'contacto'),
(254, '1970-01-05', 'AI5133G3', 'caza'),
(255, '2001-12-03', 'S66PRNDP', 'caza'),
(256, '1986-12-13', 'P518UI1K', 'información'),
(257, '1982-10-02', '17LJ523C', 'información'),
(258, '2002-07-01', 'NQ757128', 'información'),
(259, '1972-03-01', '3QT48K2Q', 'caza'),
(260, '1986-04-21', 'CGCX4Z10', 'caza'),
(261, '1970-12-11', '6Q80I65U', 'caza'),
(262, '2014-08-12', '93L2G39F', 'información'),
(263, '2000-12-03', '7J1UF83I', 'caza'),
(264, '2017-11-03', '23843UC6', 'caza'),
(265, '1992-07-07', '8X9C2W4U', 'información'),
(266, '1978-01-04', 'E6EQWA8S', 'caza'),
(267, '2003-09-09', '9OLC7Y3I', 'caza'),
(268, '1983-07-03', '59L44CUL', 'caza'),
(269, '1970-01-30', 'I04T32R3', 'caza'),
(270, '1970-01-07', 'R010H9W1', 'caza'),
(271, '1972-05-19', '408WZKK6', 'contacto'),
(272, '1981-10-14', 'ZU01NYQ6', 'información'),
(273, '1988-01-09', 'A1924O72', 'caza'),
(274, '2001-11-17', '9RM430XT', 'información'),
(275, '2008-11-21', 'V0862EC9', 'contacto'),
(276, '1970-01-03', '1R6B3LEE', 'información'),
(277, '2001-07-19', '8L7IP6X2', 'vigilancia'),
(278, '1982-07-27', 'G35K81E3', 'caza'),
(279, NULL, '8U092ICW', 'información'),
(280, '2014-09-01', 'G3VJK899', 'vigilancia'),
(281, '1972-04-20', '69WW8FC9', 'información'),
(282, '2008-10-15', '944BC6WP', 'caza'),
(283, '1971-02-21', '15R6667Z', 'contacto'),
(284, '1970-08-21', 'G3PWK68Q', 'información'),
(285, '1974-07-29', '185BYQ8S', 'información'),
(286, '1977-10-09', '10Z230EY', 'caza'),
(287, '1993-02-16', 'ZFJ5Z0PN', 'vigilancia'),
(288, NULL, 'J1992SFR', 'información'),
(289, '2005-06-10', '8I62UXTB', 'información'),
(290, '1970-01-06', '5M9Z3X3X', 'información'),
(291, '1991-09-27', 'F474AVR3', 'vigilancia'),
(292, '2007-01-28', '2L9AXVQ6', 'información'),
(293, '1972-05-27', '0G9Y1G0V', 'información'),
(294, '2009-12-11', '1F98FICF', 'contacto'),
(295, '2000-08-06', '6JZ38K3W', 'caza'),
(296, '1970-01-26', 'T10S6E27', 'caza'),
(297, '1998-03-23', 'FTKF94G6', 'contacto'),
(298, NULL, '2DN6CIZI', 'información'),
(299, '1981-02-17', '788Z211H', 'información'),
(300, '2006-11-03', 'K505Q76G', 'vigilancia'),
(301, '1983-12-06', '8S3V93J3', 'información'),
(302, '2002-07-22', 'W6JX255B', 'información'),
(303, '1970-01-06', 'CM57PXGB', 'vigilancia'),
(304, '1972-08-16', 'RQV428OK', 'información'),
(305, '2002-06-19', 'V7I6O4CW', 'caza'),
(306, '1970-01-07', 'M8KW3659', 'contacto'),
(307, '2010-01-17', 'Y20R2Z4Y', 'contacto'),
(308, '1988-07-13', '4WZOQU5I', 'información'),
(309, '2012-07-15', '9A54V56B', 'contacto'),
(310, '1986-01-28', '0607R6XR', 'vigilancia'),
(311, '1984-07-08', 'VSIO6MT9', 'caza'),
(312, NULL, '9385WJ9F', 'vigilancia'),
(313, '1970-01-07', '600B5WDT', 'caza'),
(314, '2000-03-28', 'G44106D2', 'información'),
(315, '1995-04-29', '180444A3', 'caza'),
(316, '1977-10-01', 'RG135XX1', 'información'),
(317, '2008-10-10', 'CM55N2U6', 'caza'),
(318, '2005-04-21', 'Z1CNSC25', 'caza'),
(319, '2014-11-15', 'H1W4O56A', 'vigilancia'),
(320, '1970-01-09', 'H9199G5C', 'información'),
(321, '1997-12-29', '261TL25I', 'información'),
(322, '2010-11-23', '6B0AB4Y8', 'caza'),
(323, '1976-02-21', 'GX891GK8', 'caza'),
(324, '2016-11-24', 'KW00ZGSC', 'caza'),
(325, '1996-07-25', '20LA9222', 'información'),
(326, '1970-01-01', '7149DI2E', 'información'),
(327, '2017-02-27', 'G1HV4O9A', 'información'),
(328, '1984-04-03', 'B5NB110P', 'información'),
(329, NULL, '6JL08P7G', 'información'),
(330, '1982-08-05', 'KES01689', 'caza'),
(331, '2017-03-25', 'A9S063ZE', 'caza'),
(332, '2009-12-09', 'K18O68YJ', 'vigilancia'),
(333, '2003-01-11', 'C833OK67', 'vigilancia'),
(334, '2001-02-21', 'V20ZSJQ9', 'caza'),
(335, '1970-01-02', 'K7HW378B', 'vigilancia'),
(336, NULL, 'YEDQ62W0', 'caza'),
(337, '2014-11-15', 'JIP30H97', 'información'),
(338, '1972-06-09', '2PQB5042', 'información'),
(339, NULL, 'S8T28Q0L', 'vigilancia'),
(340, '1994-07-05', '30593866', 'caza'),
(341, '1986-02-02', 'K842YJWA', 'contacto'),
(342, '2015-01-22', 'SKUL555T', 'información'),
(343, '1985-11-11', 'J8Q57DCW', 'caza'),
(344, '1972-03-27', 'UC61775Y', 'caza'),
(345, '1970-01-25', 'FFI308B5', 'vigilancia'),
(346, '1970-04-03', 'Q1VUF0Q4', 'caza'),
(347, '1970-04-19', '8OUB77P4', 'vigilancia'),
(348, '1972-07-11', '9S0BGD85', 'caza'),
(349, '1970-04-15', 'Q7BYKU1I', 'caza'),
(350, '1972-01-12', '4V413N3V', 'caza'),
(351, '1973-05-31', 'XFYQGZBN', 'información'),
(352, '1982-07-01', 'BR7H0RE3', 'caza'),
(353, '1993-11-18', '227V43A0', 'caza'),
(354, '1972-05-06', '69VQ668D', 'caza'),
(355, '2016-12-09', '0LSS1W6A', 'información'),
(356, '1998-01-24', '5U54DZ29', 'vigilancia'),
(357, '1989-05-01', 'SFAJ8633', 'caza'),
(358, '1976-04-09', '3DZ48FDN', 'caza'),
(359, '1999-06-12', '0P9H57L3', 'caza'),
(360, '2000-08-24', 'TN084Q3D', 'vigilancia'),
(361, '1973-12-30', '432Z2E5S', 'información'),
(362, NULL, 'E6Z4WSZZ', 'información'),
(363, '1997-01-09', '14XH6K8O', 'información'),
(364, '1986-08-06', 'EE7AW6EO', 'caza'),
(365, '2000-02-13', 'Q3YZW4DU', 'vigilancia'),
(366, '1991-08-02', '50BE5D86', 'información'),
(367, '2005-03-05', '2K975KZ2', 'caza'),
(368, '2017-05-13', '6AE0Q3M6', 'información'),
(369, '1978-08-20', '1811SB89', 'caza'),
(370, '1984-01-08', '657D055Y', 'caza'),
(371, '1996-03-23', '4F51V4N2', 'caza'),
(372, '1970-12-24', 'U42E6C53', 'caza'),
(373, '1979-06-23', 'E80XI05U', 'información'),
(374, '1982-12-14', 'I0L1KIW6', 'vigilancia'),
(375, '2017-11-16', 'YNJEHL9W', 'caza'),
(376, '1971-07-08', 'T3WXOYHY', 'caza'),
(377, '1970-03-07', 'YVFMK579', 'caza'),
(378, '1997-04-26', 'B5447R5H', 'caza'),
(379, '2006-05-28', 'HQC95L95', 'información'),
(380, '1970-01-05', 'S78Q78K0', 'contacto'),
(381, '1973-02-25', 'BHGT984G', 'caza'),
(382, '1977-08-15', 'T4Z262D9', 'vigilancia'),
(383, '1982-01-15', 'RV7W17O5', 'caza'),
(384, '1983-10-31', '9M1ZN2LG', 'contacto'),
(385, NULL, '3CL550H6', 'caza'),
(386, '1970-02-18', 'Y5MN9AM0', 'información'),
(387, '1970-07-08', 'C0070GD4', 'caza'),
(388, '1970-02-12', '359975ZZ', 'caza'),
(389, '1990-07-20', 'YV8YJY6C', 'vigilancia'),
(390, NULL, '5Y467W9U', 'caza'),
(391, '1989-06-10', 'V9R33V9Z', 'información'),
(392, '1989-06-05', '00H377A5', 'información'),
(393, '1989-03-05', 'N484LM4T', 'información'),
(394, '2015-05-24', 'HYTY4044', 'caza'),
(395, '1976-08-17', 'G3Q8955N', 'caza'),
(396, '2013-06-30', 'HV97A57D', 'información'),
(397, NULL, '20B5HQF4', 'información'),
(398, '1985-06-28', '9703H77A', 'información'),
(399, '2015-07-22', '10YIPZ2Q', 'información'),
(400, '1988-10-21', 'G2X53X29', 'información'),
(401, '1990-06-07', '700A9N3G', 'caza'),
(402, '1970-02-25', 'CY3HK90L', 'contacto'),
(403, '1999-11-27', '4CR04316', 'caza'),
(404, NULL, '66528843', 'caza'),
(405, '1989-04-29', '1CCO3Y7Y', 'caza'),
(406, '2009-05-10', 'VGF83FIL', 'contacto'),
(407, '1971-08-15', 'O1G9DCMF', 'caza'),
(408, '1971-05-30', 'RSL9V052', 'información'),
(409, NULL, 'G267TZ8M', 'información'),
(410, '1970-03-19', '6H9FE0L8', 'contacto'),
(411, '2008-11-25', '6O0M9QG8', 'caza'),
(412, '1971-02-24', '71WF05YF', 'caza'),
(413, '2008-05-20', 'C683EESU', 'caza'),
(414, '1999-07-02', 'Y94G65I6', 'caza'),
(415, '1970-02-09', '938S71G2', 'caza'),
(416, '1974-02-15', '1Y919212', 'caza'),
(417, '1970-01-04', '3X9FZ136', 'caza'),
(418, '1988-07-17', 'Q87MUCC6', 'caza'),
(419, NULL, 'N4P76X7V', 'información'),
(420, '2001-11-13', 'E2380766', 'contacto'),
(421, '1992-09-07', '03PYNHS9', 'vigilancia'),
(422, '1971-08-12', 'VTU29R63', 'contacto'),
(423, '1971-04-20', '0465L717', 'caza'),
(424, '1994-07-20', 'U27L4WOV', 'caza'),
(425, '1970-11-12', 'L7YFO7CK', 'vigilancia'),
(426, '1970-01-02', '89A8B205', 'caza'),
(427, '1975-10-04', '6J5E62U2', 'caza'),
(428, '2014-02-21', 'L22TGY41', 'información'),
(429, '1993-01-19', '25913584', 'caza'),
(430, '2000-10-19', '7TIGRXZA', 'caza'),
(431, NULL, '400HU52Z', 'caza'),
(432, NULL, '5S8WWOX2', 'caza'),
(433, '2020-12-24', 'MTZ41Q43', 'caza'),
(434, '1996-08-26', 'BB5L22MU', 'caza'),
(435, '2004-11-22', '04M5356Y', 'vigilancia'),
(436, '2003-05-21', '0P4LW08B', 'vigilancia'),
(437, '1970-01-01', 'K97621ZS', 'caza'),
(438, '2012-11-18', '82JYVG24', 'caza'),
(439, '2017-07-10', 'GR163V02', 'contacto'),
(440, '1998-10-22', '7M412NA0', 'información'),
(441, '2014-04-26', 'MK30K6JK', 'vigilancia'),
(442, '1992-12-04', 'KU2Q6U98', 'caza'),
(443, '2015-06-17', 'L9P7Z35V', 'caza'),
(444, '1985-04-11', 'NEMF0S13', 'información'),
(445, '1974-12-12', 'RL970CIF', 'información'),
(446, NULL, '615QG02Y', 'vigilancia'),
(447, '1971-12-12', 'Z714ME9W', 'contacto'),
(448, '1971-08-07', 'UGCQL7X0', 'vigilancia'),
(449, '2003-01-26', 'N5109JA1', 'información'),
(450, '1992-11-11', 'JM4J851H', 'información'),
(451, '1970-04-02', 'FXR26QU9', 'caza'),
(452, '1979-04-23', 'EU152613', 'vigilancia'),
(453, '1979-04-06', '8881VQO4', 'caza'),
(454, '2010-08-24', '2GOZZ5G0', 'caza'),
(455, '1971-01-09', 'K2VGP9LJ', 'caza'),
(456, '2018-03-09', '1P383805', 'caza'),
(457, '1970-03-03', 'A72237U0', 'caza'),
(458, '1998-07-21', '5N22KH69', 'caza'),
(459, '1992-12-16', '5D5RDQ4B', 'contacto'),
(460, '2005-01-02', '7S84ZM14', 'contacto'),
(461, '2015-02-05', '1XD3NGAC', 'caza'),
(462, NULL, '61ZEZ4M3', 'caza'),
(463, '1970-01-14', 'GQMG018V', 'vigilancia'),
(464, '1989-01-10', 'XPA2M071', 'vigilancia'),
(465, '1986-10-18', '797YOWZC', 'caza'),
(466, '1991-04-28', '775NK17G', 'caza'),
(467, '1996-08-06', 'BJY26MAI', 'caza'),
(468, '1988-12-26', 'JG6UKOLM', 'información'),
(469, '1975-10-17', '7UK65F86', 'información'),
(470, '1979-05-22', '45U1IL4J', 'contacto'),
(471, NULL, '0R8S6Q74', 'caza'),
(472, '2015-12-26', '678BPQVM', 'caza'),
(473, NULL, '8T3QTX1G', 'contacto'),
(474, '2005-01-06', '14J85603', 'caza'),
(475, '1975-07-01', '4IBT3R58', 'caza'),
(476, '2005-12-01', 'OB6AV5O5', 'caza'),
(477, '1993-05-17', 'P0383P1W', 'caza'),
(478, '1988-02-05', 'S9548P88', 'vigilancia'),
(479, '2016-04-25', 'SI70S698', 'caza'),
(480, '2012-06-18', '6JJZPXQ4', 'información'),
(481, '2007-07-21', '674VQ5P8', 'información'),
(482, '1990-02-26', '5WHNAG47', 'información'),
(483, '1994-12-21', '78025B0N', 'caza'),
(484, '1996-02-17', '9HV5J0X9', 'vigilancia'),
(485, '1970-03-08', 'F0XQ5EW1', 'información'),
(486, '1978-09-01', 'T63BL3DL', 'información'),
(487, '1994-10-05', '9820V3D3', 'caza'),
(488, '1986-02-03', 'BAB4187B', 'información'),
(489, '1980-01-09', 'J3LY7623', 'caza'),
(490, '2015-02-06', '20J32I6R', 'caza'),
(491, '2020-05-17', '1A1306UZ', 'caza'),
(492, '1970-02-26', '29B5236L', 'caza'),
(493, '1971-12-31', 'FBRB40H8', 'vigilancia'),
(494, '1982-02-03', 'GS96U0H3', 'información'),
(495, '1999-04-03', 'Y803G6D5', 'vigilancia'),
(496, '1970-03-11', 'MI003Q9F', 'caza'),
(497, '2003-01-25', 'I3TC4JHF', 'información'),
(498, '1970-09-18', '6R46XG80', 'información'),
(499, '2020-01-12', 'T66BUY38', 'vigilancia'),
(500, '2002-09-10', '5X05U484', 'información'),
(501, '1970-01-03', '84263227', 'caza'),
(502, '2014-11-20', '0T0EGV45', 'información'),
(503, NULL, '1ISX1M84', 'contacto'),
(504, '1997-04-21', 'V501Y460', 'caza'),
(505, '1970-03-07', '4DTSS0NE', 'información'),
(506, '2004-05-18', 'PZN0MR5G', 'caza'),
(507, '1970-01-05', 'O9H9GRJ4', 'información'),
(508, '1998-08-09', '9S4HWG90', 'caza'),
(509, NULL, '5A0956K5', 'caza'),
(510, '2010-09-06', 'T3Q2M57X', 'caza'),
(511, '2018-11-25', '75AO40Y0', 'caza'),
(512, '1974-08-03', '8N5KGALR', 'información'),
(513, '1971-07-02', '36VE4UEG', 'información'),
(514, '1984-08-25', 'VY4YLB93', 'información'),
(515, '1983-08-30', '1U30A491', 'información'),
(516, NULL, '813Z8UUR', 'caza'),
(517, '1970-01-04', '66E8S2NC', 'caza'),
(518, NULL, '6IZ241MP', 'información'),
(519, '1970-02-15', 'P8KP63L1', 'vigilancia'),
(520, '1970-09-23', '54G40LMW', 'contacto'),
(521, '2003-06-21', '9WCFOW95', 'información'),
(522, '1984-09-06', 'HSOSK353', 'caza'),
(523, '1974-04-11', '43PI6XN9', 'información'),
(524, '1970-07-18', 'DX7R4800', 'contacto'),
(525, NULL, 'ZVT0890T', 'caza'),
(526, '1986-04-29', 'AL0KQ30O', 'información'),
(527, '1970-01-02', 'DX90G7BS', 'vigilancia'),
(528, '2019-12-10', 'YQFIZ682', 'contacto'),
(529, '1995-05-29', 'JQ9XQHOA', 'vigilancia'),
(530, '2013-05-23', '51VN18PC', 'información'),
(531, '1984-05-02', '5574EC09', 'caza'),
(532, '1970-04-05', 'RC54TV3F', 'vigilancia'),
(533, '1970-01-22', 'D6EZXI68', 'información'),
(534, '1985-03-11', '3H0V8KPJ', 'vigilancia'),
(535, '1993-08-05', 'Y5401182', 'contacto'),
(536, '2012-02-03', '8JZ5U669', 'información'),
(537, '1976-12-07', '154PFY05', 'caza'),
(538, '2014-12-16', 'LH4G5F86', 'información'),
(539, '2020-06-16', 'B5N44989', 'información'),
(540, '2001-02-10', '4T54RJ57', 'información'),
(541, '1981-12-04', '173B73LO', 'información'),
(542, '1970-03-21', 'IQCZ5T6D', 'caza'),
(543, '1993-07-31', 'ZKSFFUFQ', 'vigilancia'),
(544, NULL, '7W6OF084', 'información'),
(545, '2011-05-10', 'WC4YQ6BT', 'caza'),
(546, '1992-03-02', 'XFM5C0YW', 'caza'),
(547, '1998-04-04', '8L62LO7L', 'vigilancia'),
(548, NULL, '7PE11KMF', 'información'),
(549, NULL, '23KBT9JB', 'caza'),
(550, '1986-07-08', 'ONSSF33Y', 'caza'),
(551, '1971-07-10', 'V5W2UW2E', 'información'),
(552, '1971-06-19', '5S71V44L', 'caza'),
(553, '1982-10-24', '090P2Y5T', 'caza'),
(554, '1997-03-25', '73I23D74', 'información'),
(555, '1985-10-15', '7R1905Z3', 'información'),
(556, '1999-01-30', 'C1LYJ5D6', 'información'),
(557, '2006-03-26', 'KQ9QVNAL', 'información'),
(558, NULL, '469Q3J95', 'caza'),
(559, '2011-03-04', '0883KQCT', 'información'),
(560, '1975-03-19', '5X7B0030', 'caza'),
(561, '2001-02-14', 'C44P7NBJ', 'contacto'),
(562, '1979-02-06', 'HXGWEJ8E', 'caza'),
(563, '1996-08-24', 'HS860NDX', 'vigilancia'),
(564, '1981-09-05', 'T3F6U7RK', 'vigilancia'),
(565, '2018-04-22', '92A6EHJ4', 'información'),
(566, '1996-10-21', 'DD7L35ID', 'contacto'),
(567, '1976-01-30', '01XSM6CD', 'información'),
(568, '1970-01-14', 'Z90AA258', 'caza'),
(569, '1989-06-12', '8N9LCS8H', 'caza'),
(570, '2013-05-31', '3KOPZ97M', 'información'),
(571, '1997-12-18', '9NX2YI0J', 'caza'),
(572, '1970-04-06', '4YT0O3NT', 'caza'),
(573, '1995-09-06', 'P5PQZ70M', 'caza'),
(574, '1980-12-25', 'H161A23Y', 'información'),
(575, '1983-12-24', '55UH0436', 'información'),
(576, '1970-07-02', '429M4D04', 'información'),
(577, '1992-03-16', '13Y1ZHA4', 'información'),
(578, '1996-07-31', 'Z2C6UVX3', 'información'),
(579, '1994-06-24', 'J0ZD6Q96', 'vigilancia'),
(580, '1992-08-24', 'AMK0E864', 'información'),
(581, NULL, 'N6219601', 'caza'),
(582, '1980-04-13', 'Z0R76KOO', 'información'),
(583, '2011-10-27', '23Q73IJE', 'contacto'),
(584, NULL, 'Z987E9B2', 'caza'),
(585, '2021-01-09', '68369GL6', 'información'),
(586, '1971-11-14', 'SVXSZJLX', 'caza'),
(587, '1970-01-06', 'QU5AKJ94', 'caza'),
(588, '2012-03-31', 'M8YKBAQ0', 'información'),
(589, NULL, 'CJ148W20', 'información'),
(590, '1970-01-03', 'Q3776LTM', 'información'),
(591, '1995-06-02', '4N3086Y1', 'caza'),
(592, '2011-12-02', 'HC8Y01I2', 'caza'),
(593, '1972-03-06', 'R7VYH68O', 'caza'),
(594, '1981-05-10', 'QS59P0OD', 'información'),
(595, '1996-02-06', '3DJ4RBP8', 'caza'),
(596, '1972-10-18', 'N229S6MJ', 'vigilancia'),
(597, '1970-03-04', 'AD2DOSSH', 'contacto'),
(598, '1970-04-05', '9336U25H', 'caza'),
(599, '1971-08-13', '827Y3446', 'información'),
(600, '1995-02-06', 'O4SOT18C', 'vigilancia'),
(601, '1993-01-21', 'GAXJFXD5', 'caza'),
(602, '1970-01-24', '94S98926', 'caza'),
(603, '1980-06-23', 'XPU48X65', 'información'),
(604, '2017-04-24', 'QQPBZH31', 'caza'),
(605, '1974-10-28', 'LNG86H2J', 'caza'),
(606, '2010-11-07', '75H876TS', 'información'),
(607, '1992-04-28', 'HFB01D9P', 'información'),
(608, NULL, '9Z1UCZFI', 'caza'),
(609, '1983-07-21', '18P91929', 'caza'),
(610, '1979-08-17', '9GTETG45', 'caza'),
(611, '1971-10-03', '70YKKSKL', 'caza'),
(612, '1990-10-01', 'O620YZ21', 'caza'),
(613, '1993-08-03', 'T58X2KWV', 'vigilancia'),
(614, '1979-06-27', '95507462', 'información'),
(615, '2012-03-22', '0SY2810T', 'información'),
(616, '2001-09-10', '6636ONYU', 'información'),
(617, '1975-04-20', 'IFY23Y55', 'contacto'),
(618, '1992-11-06', 'PNTBU3YB', 'caza'),
(619, '2018-07-31', 'UB061M9K', 'contacto'),
(620, '2018-03-01', 'SL60N1C5', 'información'),
(621, '1991-03-03', 'L0SM43V6', 'caza'),
(622, '1970-01-04', '2458LF87', 'caza'),
(623, '1987-12-22', '47W7K33J', 'vigilancia'),
(624, '1984-08-11', '12594XOV', 'caza'),
(625, '1972-01-30', 'N9S25NAZ', 'información'),
(626, '1998-05-27', 'CJN98559', 'información'),
(627, '2006-09-13', '622H5HV3', 'caza'),
(628, '1972-01-05', 'DN4XV73A', 'caza'),
(629, '1992-03-25', 'RO3IK0M4', 'contacto'),
(630, NULL, '948LJ684', 'caza'),
(631, '2017-01-19', '957NRD35', 'caza'),
(632, '1970-01-24', '712GTGT3', 'información'),
(633, '1989-09-14', 'KNHB79T0', 'información'),
(634, NULL, '6X501381', 'caza'),
(635, '1971-07-23', '3JC83W46', 'vigilancia'),
(636, '1979-04-26', 'B49N97Q1', 'información'),
(637, '2011-04-28', 'BMC0HBD4', 'información'),
(638, '1970-01-06', '99V64P5Z', 'vigilancia'),
(639, '1987-01-25', '6GZHZS6N', 'caza'),
(640, '1970-01-08', 'KBC77CU2', 'caza'),
(641, '2006-05-08', 'I8679394', 'caza'),
(642, '2010-10-04', 'TDS89SE0', 'información'),
(643, '1970-01-08', 'F8G0264Y', 'información'),
(644, '2015-01-31', '2GP3062T', 'información'),
(645, '1972-04-11', '7X8S1H2U', 'contacto'),
(646, '1993-02-10', 'OC34R4US', 'información'),
(647, '1992-03-13', '0U6DDS8F', 'contacto'),
(648, '2018-03-03', 'FTAD7VI7', 'caza'),
(649, '1970-01-09', '5VR359TM', 'información'),
(650, '1970-01-05', 'YV1G3KX7', 'caza'),
(651, '1970-01-10', 'U1ZKYT5N', 'información'),
(652, '1970-01-29', 'Y4663NQ5', 'caza'),
(653, '1996-12-15', '31YA4L93', 'caza'),
(654, '1971-06-25', '91H9GOU5', 'caza'),
(655, '1979-08-06', 'QW9442JU', 'caza'),
(656, '1997-06-23', 'P86738BN', 'caza'),
(657, '1981-06-29', '23OBT71D', 'información'),
(658, '1986-05-27', 'X0LC0V1S', 'vigilancia'),
(659, '1980-11-04', 'PBF8PM24', 'caza'),
(660, '1973-06-02', '914194T7', 'caza'),
(661, '1979-06-12', 'U0UHRWEI', 'información'),
(662, '2008-10-06', 'J7Q4N2QM', 'contacto'),
(663, '1970-04-07', 'ZC0AZ6O0', 'información'),
(664, '1971-02-02', 'B889R02C', 'información'),
(665, '1996-11-16', '1DV30LCL', 'información'),
(666, '2009-11-13', 'Z4NW1Q0T', 'caza'),
(667, '1970-01-22', 'GY6378U0', 'caza'),
(668, '1970-06-12', '1VD7L11O', 'vigilancia'),
(669, '1970-01-05', 'PL2153K9', 'caza'),
(670, '2000-05-17', 'DBJXTUM9', 'información'),
(671, '1975-02-10', '62T2VB39', 'caza'),
(672, '2001-03-07', 'YO7M5659', 'caza'),
(673, '1992-08-18', '559A93WE', 'caza'),
(674, '1995-03-11', 'U56C26H1', 'contacto'),
(675, '2013-11-05', '45Y4X239', 'vigilancia'),
(676, '1970-02-09', 'IE7M187C', 'contacto'),
(677, '1989-12-01', '6AXI6892', 'caza'),
(678, '1971-07-27', '96355N62', 'información'),
(679, '1981-08-02', '412Q9H16', 'información'),
(680, '2018-06-01', '7SV0TJ2F', 'información'),
(681, '1970-01-04', 'URND0PRN', 'caza'),
(682, '1970-01-04', 'NZ017T01', 'contacto'),
(683, '1972-07-07', '0626K81G', 'caza'),
(684, '1970-01-05', 'ZDLJ1JN4', 'vigilancia'),
(685, '1970-12-08', 'N27QI8UO', 'vigilancia'),
(686, '1970-01-10', '1S21C0MS', 'información'),
(687, '1970-03-07', 'N33TD984', 'vigilancia'),
(688, '2014-08-07', 'A030991V', 'contacto'),
(689, '1970-01-25', 'DQBU4UW5', 'información'),
(690, NULL, '6K09V68A', 'caza'),
(691, NULL, '7Q0YK7UA', 'caza'),
(692, NULL, '928739DF', 'caza'),
(693, NULL, 'Y12R10IP', 'vigilancia'),
(694, NULL, '5YP3ZE0O', 'información'),
(695, NULL, 'PE59QT2E', 'caza'),
(696, NULL, '4JXAYJP6', 'vigilancia'),
(697, NULL, 'Z0A87WCA', 'caza'),
(698, NULL, '232035A4', 'caza'),
(699, NULL, '7822UJF4', 'información'),
(700, NULL, 'Y9IR5SUN', 'caza');

--
-- Inserting data into table vulnerabilidad
--
INSERT INTO vulnerabilidad(id, nombre) VALUES
(1, 'La redención del infame'),
(2, 'La victoria de Monty Horner'),
(3, 'La victoria del infame'),
(4, 'La maldad del señor oscuro'),
(5, 'El Replottor'),
(6, 'La ira de Dayeel'),
(7, 'El Readtoper'),
(8, 'El Ampbandimor'),
(9, 'La ira de Mewo'),
(10, 'El Comtecticphone'),
(11, 'El Monoculerry'),
(12, 'El Tweetmutra'),
(13, 'La maldad de Dios'),
(14, 'El Cartnieder'),
(15, 'La mano derecha del señor oscuro'),
(16, 'El Stereoculscope'),
(17, 'La mano derecha de Gordon Epperson'),
(18, 'El Printfinderon'),
(19, 'La maldad de Alina Calvin'),
(20, 'El Readcordra'),
(21, 'La victoria de Deepalu'),
(22, 'La victoria de Genevie Carney'),
(23, 'La ira del infame'),
(24, 'El Comfindlet'),
(25, 'El Tweetpickefry'),
(26, 'El Relery'),
(27, 'El Tweetculaquridge'),
(28, 'La victoria del señor oscuro'),
(29, 'El Supleentor'),
(30, 'La mano derecha de Alice Slaughter'),
(31, 'El Proleer'),
(32, 'La mano derecha de Adrianne Friedman'),
(33, 'La victoria de Irvin Hendrick'),
(34, 'La maldad de Gaia'),
(35, 'El Bibandon'),
(36, 'El martirio'),
(37, 'El Suppickedgor'),
(38, 'El Retopimra'),
(39, 'El Speakwoofer'),
(40, 'La mano derecha de Dios'),
(41, 'La redención de Cary Gilliam'),
(42, 'El Montinletentor'),
(43, 'La mano derecha del infame'),
(44, 'El Carttellerlet'),
(45, 'La maldad de Zovoel'),
(46, 'El Tweetcorderor'),
(47, 'El Tabwooferon'),
(48, 'La ira de Bernardo Black'),
(49, 'La maldad del infame'),
(50, 'El Protaer'),
(51, 'La mano derecha de Neknoeael'),
(52, 'El Concessefor'),
(53, 'El Speaktinicer'),
(54, 'El Monlifier'),
(55, 'La victoria de Dios'),
(56, 'El Comjectra'),
(57, 'La mano derecha de Hiva'),
(58, 'La ira de Fe'),
(59, 'La mano derecha de Ciiayeoi'),
(60, 'El Confindefer'),
(61, 'Sal'),
(62, 'El Relifientor'),
(63, 'La ira de Ai Ewing'),
(64, 'El Cleannioner'),
(65, 'La maldad de Melvin Baron'),
(66, 'El Cabplottplentor'),
(67, 'La mano derecha de Alonzo Mills'),
(68, 'La maldad de Zujauiaiel'),
(69, 'Ajo'),
(70, 'La ira de Dios'),
(71, 'El Cleancordewar'),
(72, 'El Micholderphone'),
(73, 'El Transwoofimar'),
(74, 'El Ampholdimer'),
(75, 'El Remutator'),
(76, 'El júbilo'),
(77, 'El Recorder'),
(78, 'La redención de Broderick Nutt'),
(79, 'El Cleantectopon'),
(80, 'La redención del señor oscuro'),
(81, 'El Bitaentor'),
(82, 'La ira de Qilbeoaer'),
(83, 'El Carttinentor'),
(84, 'El Receivewridge'),
(85, 'El Stereojectlet'),
(86, 'La victoria de Alessandra Christopher'),
(87, 'El Readwoofscope'),
(88, 'El Printcordra'),
(89, 'El Tabnioner'),
(90, 'El Monoholdphone'),
(91, 'El Biculphone'),
(92, 'El Monputimator'),
(93, 'El Biplotticra'),
(94, 'La redención de Yuopaiel'),
(95, 'El Carttopry'),
(96, 'El Ampceivator'),
(97, 'El Prolictinphone'),
(98, 'El Readfindscope'),
(99, 'El Computoner'),
(100, 'La mano derecha de Gaia'),
(101, 'La ira de Sobnu'),
(102, 'La ira de Reina Chacon'),
(103, 'La redención de Jed Mcgehee'),
(104, 'La maldad de Wafjewier'),
(105, 'El Monolifiexor'),
(106, 'El Conplotter'),
(107, 'La maldad de Lauren Abraham'),
(108, 'El Micputinator'),
(109, 'El Cleanteller'),
(110, 'El Proceiveder'),
(111, 'La mano derecha de Aider'),
(112, 'El Tableefer'),
(113, 'La redención de Oael'),
(114, 'El Protinepra'),
(115, 'El Micputopscope'),
(116, 'La victoria de Heywatuor'),
(117, 'La redención de Milda Christensen'),
(118, 'El Cleanculator'),
(119, 'El Tabjectinor'),
(120, 'La maldad de Masueou'),
(121, 'La maldad de Yinwael'),
(122, 'El Ancessscope'),
(123, 'El Remutar'),
(124, 'La redención de Hubert Abreu'),
(125, 'El Cabcessanridge'),
(126, 'El Comtinewphone'),
(127, 'La redención de Gopweiasa'),
(128, 'El Carttineplet'),
(129, 'El Relifiommer'),
(130, 'El Reculer'),
(131, 'El Carttopridge'),
(132, 'El Speakceivry'),
(133, 'El Tabjecteror'),
(134, 'La ira de Luis Palacios'),
(135, 'El Tejectommry'),
(136, 'La victoria de Adolph Griffis'),
(137, 'El Printpickommridge'),
(138, 'El desprecio'),
(139, 'La victoria de Deon Abraham'),
(140, 'El Cleanculer'),
(141, 'El Chartector'),
(142, 'El Charlifior'),
(143, 'El Bitectphone'),
(144, 'El Proputedry'),
(145, 'La maldad de Vobzeor'),
(146, 'El Readpickletlet'),
(147, 'La mano derecha de Fezooeeor'),
(148, 'El Cabceiventor'),
(149, 'El Micceivpler'),
(150, 'El Procyclader'),
(151, 'El Bitinscope'),
(152, 'La victoria de Eleanore Lawless'),
(153, 'El Proculleter'),
(154, 'El Cabcyclon'),
(155, 'La maldad de Adan Abreu'),
(156, 'La mano derecha de Abby Acevedo'),
(157, 'La mano derecha de Aasizimael'),
(158, 'El Readculator'),
(159, 'El Transputexra'),
(160, 'El Cleanlifiexator'),
(161, 'El Tweettectry'),
(162, 'El Reputgaer'),
(163, 'El Ampcyclinscope'),
(164, 'El Supceiver'),
(165, 'La victoria de Gaia'),
(166, 'El Refindaner'),
(167, 'La ira de Wiley Coombs'),
(168, 'La ira de Elden Limon'),
(169, 'La redención de Bryant Culpepper'),
(170, 'La victoria de Recaatiiel'),
(171, 'El Cabputer'),
(172, 'El Tabputon'),
(173, 'El Transniopator'),
(174, 'El Recordry'),
(175, 'El Teleimor'),
(176, 'La ira de Ronnie Nabors'),
(177, 'El Cabfindon'),
(178, 'El Armcordaner'),
(179, 'La redención de Ervin Caron'),
(180, 'La ira de Emely Nunez'),
(181, 'El Charwoofscope'),
(182, 'El Supcesslet'),
(183, 'La victoria de Jamal Teel'),
(184, 'El Tetinador'),
(185, 'El Printcordadon'),
(186, 'El Printfindonar'),
(187, 'El Monocular'),
(188, 'El Readmutefator'),
(189, 'El Readfindentor'),
(190, 'El Supwoofepentor'),
(191, 'El Cleanpickry'),
(192, 'El Tabputfier'),
(193, 'El Transmutaquer'),
(194, 'El Cabmuter'),
(195, 'El Tableor'),
(196, 'El Concordgaridge'),
(197, 'La victoria de Gafideel'),
(198, 'La mano derecha de Gisele Leal'),
(199, 'El Speaktinor'),
(200, 'El Anceivinon');

--
-- Inserting data into table agente
--
INSERT INTO agente(id, nombre, fecha_nacimiento, especialidad, id_base) VALUES
(1, 'Letha Wahl', '1971-03-09', 'agente de campo', 9),
(2, 'Kraig Boucher', '1996-09-23', 'agente de campo', 4),
(3, 'Harlan Ludwig', '1981-07-23', 'archivo', 31),
(4, 'Brad Craven', '1992-12-22', 'administrativo', 27),
(5, 'Enrique Sizemore', '1993-05-14', 'administrativo', 28),
(6, 'Bennie Flowers', '1990-09-03', 'archivo', 4),
(7, 'Francis Conway', '1983-05-01', 'agente de campo', 6),
(8, 'Nickie Waite', '1989-07-19', 'diplomático', 20),
(9, 'Boyd Skaggs', '1970-03-05', 'agente de campo', NULL),
(10, 'Alonzo Peacock', '2000-12-15', 'administrativo', 31),
(11, 'Reed Hwang', '1992-11-21', 'agente de campo', 13),
(12, 'Cory Boudreau', '1970-01-05', 'agente de campo', 35),
(13, 'Abbie Crawford', '1995-05-25', 'agente de campo', 14),
(14, 'Lazaro Wakefield', '1970-01-01', 'diplomático', 34),
(15, 'Danielle Mcgrath', '1995-03-19', 'administrativo', 34),
(16, 'Gregorio Conyers', '1973-09-14', 'administrativo', 30),
(17, 'Monty Floyd', '1977-08-27', 'agente de campo', 10),
(18, 'Abby Skelton', '1972-07-30', 'administrativo', 16),
(19, 'Evelin Walden', '1994-07-04', 'administrativo', 16),
(20, 'Earline Boudreaux', '1970-03-24', 'administrativo', 1),
(21, 'Viviana Lugo', '1970-07-23', 'diplomático', 34),
(22, 'Chae Hyatt', '1987-07-26', 'agente de campo', 14),
(23, 'Delta Skidmore', '1999-06-02', 'agente de campo', 8),
(24, 'Toney Lujan', '2001-02-07', 'agente de campo', 25),
(25, 'Wynell Waldron', '1970-11-09', 'administrativo', 20),
(26, 'Ashley Cook', '1974-04-17', 'agente de campo', 3),
(27, 'Ressie Crawley', '1991-10-13', 'administrativo', NULL),
(28, 'Shane Hyde', '1970-03-29', 'agente de campo', 4),
(29, 'Raleigh Lumpkin', '2000-02-27', 'administrativo', 13),
(30, 'Jean Skinner', '1970-04-08', 'administrativo', 2),
(31, 'Roosevelt Peak', '1977-12-09', 'archivo', 28),
(32, 'Alanna Waldrop', '1997-03-25', 'administrativo', NULL),
(33, 'Lilliana Skipper', '1997-08-26', 'administrativo', 35),
(34, 'Amiee Walker', '1979-11-27', 'agente de campo', 26),
(35, 'Rene Flynn', '1999-03-08', 'diplomático', 26),
(36, 'Demarcus Crayton', '1971-07-21', 'administrativo', 10),
(37, 'Ashley Mcgraw', '1980-10-24', 'administrativo', 20),
(38, 'Abel Fogle', '1971-02-11', 'agente de campo', 22),
(39, 'Ali Hyland', '2001-09-17', 'archivo', 24),
(40, 'Clark Luna', '1985-12-11', 'archivo', 18),
(41, 'Adam Slack', '1975-03-21', 'agente de campo', 3),
(42, 'Gayle Pearce', '1984-07-24', 'diplomático', 9),
(43, 'Kristy Bounds', '1999-03-13', 'administrativo', 22),
(44, 'Ryan Wallace', '1973-01-12', 'agente de campo', 32),
(45, 'Marjory Slade', '1970-05-22', 'archivo', 14),
(46, 'Christopher Creamer', '1991-01-08', 'administrativo', 9),
(47, 'Abraham Wallen', '1982-09-28', 'administrativo', 27),
(48, 'Lavelle Mcgregor', '1981-11-15', 'archivo', 31),
(49, 'Brigida Foley', '1992-11-24', 'agente de campo', 7),
(50, 'Cristobal Cooke', '1997-02-22', 'agente de campo', 19),
(51, 'Adela Creech', '1986-12-18', 'archivo', 23),
(52, 'Lucio Hyman', '1970-09-28', 'agente de campo', 17),
(53, 'Onita Folse', '1971-07-08', 'agente de campo', 1),
(54, 'Tawanna Lund', '1981-03-18', 'administrativo', 23),
(55, 'Erwin Pearson', '1974-12-24', 'agente de campo', 25),
(56, 'Rosio Bourgeois', '1974-06-01', 'agente de campo', 15),
(57, 'Dale Hynes', '1998-01-25', 'diplomático', 15),
(58, 'Florentino Mcgrew', '1981-07-22', 'agente de campo', 26),
(59, 'Adolph Lundberg', '1972-03-01', 'diplomático', 12),
(60, 'Kirk Slagle', '1994-07-05', 'archivo', 3),
(61, 'Luther Pease', '1986-06-29', 'administrativo', 6),
(62, 'Arden Cooks', '1995-01-22', 'agente de campo', 16),
(63, 'Dorian Ibarra', '1999-05-08', 'agente de campo', 29),
(64, 'Andre Waller', '1981-12-30', 'agente de campo', 4),
(65, 'Trey Creel', '1979-02-15', 'agente de campo', 21),
(66, 'Lawanna Mcguire', '1970-01-10', 'agente de campo', 28),
(67, 'Adah Folsom', '1982-06-15', 'archivo', 5),
(68, 'Caron Creighton', '1996-03-28', 'agente de campo', 4),
(69, 'Bennie Bourne', '1990-01-12', 'diplomático', 2),
(70, 'Alexander Slater', '1970-02-05', 'administrativo', 28),
(71, 'Dusti Abbott', '1976-04-28', 'administrativo', 23),
(72, 'Thomasena Lundy', '1970-02-07', 'agente de campo', 27),
(73, 'Tomas Fong', '1984-08-13', 'agente de campo', 4),
(74, 'Jamel Peck', '1991-05-31', 'agente de campo', 17),
(75, 'Jewell Crenshaw', '1971-08-02', 'archivo', 5),
(76, 'Dorian Mchenry', '1979-07-31', 'diplomático', 16),
(77, 'Mervin Ingle', '1983-03-09', 'archivo', 26),
(78, 'Lessie Bourque', '1979-05-09', 'administrativo', 2),
(79, 'Marion Abel', '1970-03-16', 'diplomático', 35),
(80, 'Faustino Fonseca', '1988-11-30', 'agente de campo', 34),
(81, 'Marx Lunsford', '1999-04-22', 'archivo', 2),
(82, 'Earle Ingram', '1971-02-04', 'agente de campo', 34),
(83, 'Jared Pedersen', '1977-02-28', 'agente de campo', 8),
(84, 'Elisha Walling', '1975-03-18', 'archivo', 4),
(85, 'Wade Slaton', '1988-11-02', 'agente de campo', 9),
(86, 'Adan Crespo', '1990-10-12', 'agente de campo', 18),
(87, 'Ali Wallis', '1970-01-02', 'agente de campo', 3),
(88, 'Adela Fontaine', '1993-08-26', 'agente de campo', 19),
(89, 'Fabiola Lusk', '1977-08-27', 'administrativo', 9),
(90, 'Noah Mchugh', '1972-08-30', 'administrativo', 33),
(91, 'Gwendolyn Inman', '1999-02-12', 'administrativo', 24),
(92, 'Emanuel Pederson', '1984-10-15', 'administrativo', 9),
(93, 'Miles Slattery', '1972-03-02', 'agente de campo', 14),
(94, 'Divina Mcinnis', '1987-09-11', 'agente de campo', 7),
(95, 'Alishia Walls', '1976-03-13', 'administrativo', 14),
(96, 'Carlton Slaughter', '1972-02-26', 'agente de campo', 6),
(97, 'Ashley Peebles', '1999-02-09', 'administrativo', 15),
(98, 'Kristie Walsh', '2001-10-14', 'archivo', 13),
(99, 'Tad Sledge', '1970-01-10', 'agente de campo', 25),
(100, 'Clarinda Luster', '1970-02-20', 'agente de campo', 29),
(101, 'Nicky Mcintire', '1975-06-23', 'agente de campo', 21),
(102, 'Chong Crews', '1981-02-02', 'agente de campo', 24),
(103, 'Dwayne Irby', '1979-01-18', 'archivo', 4),
(104, 'Oren Bowden', '1990-06-17', 'agente de campo', 11),
(105, 'Laverne Walston', '1974-09-24', 'archivo', 21),
(106, 'Jalisa Luther', '1993-03-21', 'agente de campo', 20),
(107, 'Bettina Sloan', '1971-10-31', 'agente de campo', 18),
(108, 'Ted Ireland', '1971-06-07', 'agente de campo', 8),
(109, 'Carmelo Abernathy', '1970-03-22', 'agente de campo', 17),
(110, 'Bradley Walter', '1993-02-17', 'archivo', 7),
(111, 'Elissa Slocum', '1983-03-09', 'administrativo', 5),
(112, 'Adell Fontenot', '1996-08-31', 'agente de campo', 21),
(113, 'Barney Walters', '1989-04-05', 'agente de campo', 1),
(114, 'Tomas Peek', '1988-11-11', 'administrativo', 26),
(115, 'Bart Slone', '1991-05-08', 'diplomático', 6),
(116, 'Malcom Crider', '1987-02-16', 'agente de campo', 29),
(117, 'Cathey Foote', '2001-12-04', 'diplomático', 31),
(118, 'Lindsay Walton', '1972-02-04', 'administrativo', 19),
(119, 'Alfredia Mcintosh', '2000-03-31', 'administrativo', 1),
(120, 'Adolfo Peel', '1975-11-08', 'administrativo', 32),
(121, 'Phil Mcintyre', '1993-05-24', 'diplomático', 9),
(122, 'Dana Luttrell', '1979-04-17', 'archivo', 31),
(123, 'Adam Crisp', '1998-04-12', 'administrativo', 2),
(124, 'Tobie Peeler', '1991-05-25', 'agente de campo', 21),
(125, 'Cherrie Bowen', '1994-03-14', 'agente de campo', 15),
(126, 'Norene Abney', '1990-07-08', 'agente de campo', 27),
(127, 'Aron Small', '1972-05-21', 'agente de campo', 3),
(128, 'Alane Forbes', '1996-05-15', 'agente de campo', 19),
(129, 'Ryan Irish', '1999-08-05', 'agente de campo', 7),
(130, 'Cedric Crist', '1980-03-20', 'agente de campo', 26),
(131, 'Marquis Wampler', '1971-08-16', 'agente de campo', 25),
(132, 'Lorine Bowens', '1970-01-01', 'diplomático', 30),
(133, 'Thomas Mckay', '1986-07-29', 'archivo', 2),
(134, 'Noah Smalley', '1998-01-27', 'administrativo', 30),
(135, 'Jenelle Lutz', '1971-10-24', 'diplomático', 28),
(136, 'Erin Wang', '1990-04-04', 'agente de campo', 18),
(137, 'Abel Irizarry', '1983-03-13', 'administrativo', 31),
(138, 'Andre Smalls', '1985-03-19', 'administrativo', 10),
(139, 'Curtis Abraham', '1970-04-05', 'diplomático', 18),
(140, 'Ward Foreman', '1972-03-28', 'agente de campo', 23),
(141, 'Jeffery Lyle', '1985-04-14', 'agente de campo', 24),
(142, 'Adolph Irvin', '1975-11-25', 'agente de campo', 9),
(143, 'Tandra Peeples', '1971-08-29', 'administrativo', 4),
(144, 'Rafaela Mckee', '1981-03-16', 'agente de campo', 35),
(145, 'Claretha Ward', '1972-10-04', 'agente de campo', 8),
(146, 'Abbie Criswell', '1970-04-01', 'administrativo', 23),
(147, 'Sammie Bower', '1988-09-02', 'administrativo', 24),
(148, 'Mervin Lyles', '1994-10-14', 'agente de campo', 5),
(149, 'Travis Irvine', '1999-01-21', 'agente de campo', 20),
(150, 'Casey Foret', '1970-06-08', 'archivo', 18),
(151, 'Hilary Abrams', '1991-08-10', 'agente de campo', 24),
(152, 'Tia Smallwood', '1974-01-12', 'agente de campo', 5),
(153, 'Angelica Pelletier', '1970-01-26', 'administrativo', 1),
(154, 'Anthony Lyman', '1980-05-13', 'administrativo', 23),
(155, 'Stan Warden', '1979-07-15', 'agente de campo', 3),
(156, 'Adan Bowers', '1972-08-12', 'archivo', 10),
(157, 'Perry Crittenden', '1996-04-30', 'administrativo', 18),
(158, 'Natividad Mckeever', '1978-06-06', 'agente de campo', 8),
(159, 'Shaun Irving', '1983-08-30', 'agente de campo', 9),
(160, 'Abby Smart', '1975-05-10', 'archivo', 27),
(161, 'Micheline Forman', '1991-05-01', 'agente de campo', 33),
(162, 'Lawrence Warfield', '1999-01-23', 'diplomático', 1),
(163, 'Kaylene Peltier', '1995-12-24', 'administrativo', 10),
(164, 'Jerrod Smiley', '1970-09-18', 'agente de campo', 11),
(165, 'Abel Lynch', '1971-12-21', 'agente de campo', 7),
(166, 'Hank Abreu', '1970-05-18', 'administrativo', 25),
(167, 'Neomi Crocker', '1972-01-12', 'administrativo', 10),
(168, 'Talisha Bowie', '1989-08-04', 'agente de campo', 6),
(169, 'Tristan Irwin', '1970-02-24', 'administrativo', 16),
(170, 'Alethea Forney', '1999-01-05', 'administrativo', 20),
(171, 'Jamison Mckenna', '1993-06-15', 'archivo', 5),
(172, 'Daniel Acevedo', '1996-10-17', 'agente de campo', 8),
(173, 'Lydia Lynn', '1971-09-15', 'administrativo', 6),
(174, 'Jeannine Isaac', '1970-06-13', 'administrativo', 33),
(175, 'Aleta Pemberton', '1996-01-26', 'agente de campo', 18),
(176, 'Britt Mckenney', '1991-06-29', 'administrativo', 10),
(177, 'Adam Crockett', '1972-10-18', 'administrativo', 6),
(178, 'Sybil Pena', '1970-02-06', 'archivo', 1),
(179, 'Thersa Forrest', '1970-03-30', 'agente de campo', 25),
(180, 'Araceli Bowles', '1992-06-24', 'agente de campo', 30),
(181, 'Abraham Mckenzie', '1980-10-13', 'agente de campo', 32),
(182, 'Ailene Pence', '1972-04-22', 'administrativo', 23),
(183, 'Ronald Mckeown', '1981-05-14', 'agente de campo', 2),
(184, 'Roseanna Warner', '1975-09-29', 'administrativo', 26),
(185, 'Carmelia Smith', '1985-11-01', 'diplomático', 15),
(186, 'Kip Pendergrass', '1970-11-14', 'administrativo', 21),
(187, 'Abby Warren', '1977-06-28', 'agente de campo', 5),
(188, 'Leisha Smithson', '1973-12-10', 'administrativo', 24),
(189, 'Julio Croft', '1975-02-03', 'administrativo', 5),
(190, 'Roy Lyon', '1991-05-06', 'archivo', 24),
(191, 'Newton Mckinley', '1970-05-02', 'archivo', 8),
(192, 'Johnna Acker', '1985-01-17', 'archivo', 25),
(193, 'Shaunda Washburn', '1970-01-07', 'agente de campo', 24),
(194, 'Hubert Pendleton', '1973-07-01', 'agente de campo', 11),
(195, 'Demetra Isaacs', '2000-11-16', 'administrativo', 26),
(196, 'Solomon Mckinney', '1970-04-02', 'agente de campo', 35),
(197, 'Annamae Penn', '1970-06-02', 'agente de campo', 18),
(198, 'Addie Smoot', '1973-07-05', 'administrativo', 26),
(199, 'Marcelo Bowlin', '1970-02-28', 'administrativo', 35),
(200, 'Hyo Washington', '1995-11-13', 'agente de campo', 27),
(201, 'Abdul Forrester', '2001-07-15', 'diplomático', 27),
(202, 'Mafalda Smothers', '1991-03-05', 'agente de campo', 7),
(203, 'Tony Lyons', '1981-11-01', 'agente de campo', 9),
(204, 'Adolfo Cromer', '1989-02-25', 'agente de campo', 26),
(205, 'Alaina Forsyth', '1970-12-16', 'agente de campo', 22),
(206, 'Rudy Ackerman', '1970-01-03', 'diplomático', 13),
(207, 'Verena Bowling', '1978-05-11', 'archivo', 9),
(208, 'Alejandrina Cromwell', '1994-11-01', 'administrativo', 3),
(209, 'Tommy Wasson', '1977-12-22', 'agente de campo', 26),
(210, 'Mollie Forsythe', '1978-12-05', 'archivo', 20),
(211, 'Lauren Cronin', '1996-12-29', 'administrativo', 13),
(212, 'Carmela Fort', '1970-01-06', 'agente de campo', 18),
(213, 'Merrill Crook', '1975-09-27', 'agente de campo', 34),
(214, 'Darren Acosta', '1970-01-04', 'agente de campo', 32),
(215, 'Randal Isaacson', '1999-01-25', 'agente de campo', 22),
(216, 'Elton Lytle', '1971-06-10', 'agente de campo', 13),
(217, 'Vertie Bowman', '1970-04-05', 'diplomático', 26),
(218, 'Sanora Forte', '1974-09-13', 'agente de campo', 18),
(219, 'Alfredo Acuna', '1974-01-16', 'agente de campo', 25),
(220, 'Basil Smyth', '1977-07-23', 'archivo', 5),
(221, 'Alda Crooks', '1970-03-20', 'archivo', 15),
(222, 'Annalee Mckinnon', '1979-08-01', 'administrativo', 22),
(223, 'Bret Pennell', '1985-04-02', 'administrativo', 6),
(224, 'Adah Mcknight', '1998-12-08', 'archivo', 7),
(225, 'Petra Isbell', '1974-03-16', 'archivo', 16),
(226, 'Shantelle Bowser', '1992-06-17', 'diplomático', 6),
(227, 'Cyril Adair', '1998-10-22', 'diplomático', 23),
(228, 'Mallie Ma', '1984-11-04', 'agente de campo', 11),
(229, 'Alane Pennington', '1976-06-21', 'diplomático', 28),
(230, 'Leland Fortenberry', '1991-12-04', 'agente de campo', 23),
(231, 'Gaylene Box', '1971-10-17', 'archivo', 9),
(232, 'Arthur Adam', '1974-01-19', 'agente de campo', 6),
(233, 'Birdie Mclain', '1971-05-15', 'administrativo', 7),
(234, 'Astrid Boyce', '1979-03-05', 'administrativo', 8),
(235, 'Franklin Adame', '1998-10-23', 'agente de campo', 27),
(236, 'Valerie Crosby', '1970-02-14', 'agente de campo', 32),
(237, 'Tatyana Penny', '1983-05-02', 'archivo', 11),
(238, 'Dino Waterman', '1978-08-01', 'administrativo', 8),
(239, 'Benedict Mclaughlin', '1970-03-09', 'administrativo', 29),
(240, 'Bernardo Peoples', '1970-07-21', 'agente de campo', 25),
(241, 'Clifton Isom', '1990-06-20', 'agente de campo', 28),
(242, 'Adolph Fortier', '1970-01-30', 'archivo', 15),
(243, 'Marlon Snead', '2000-12-08', 'administrativo', 29),
(244, 'Adelaida Mclaurin', '1992-06-02', 'agente de campo', 3),
(245, 'Mel Boyd', '2001-03-18', 'administrativo', 17),
(246, 'Kirstie Maas', '1997-01-30', 'agente de campo', 32),
(247, 'Jesusa Cross', '1970-08-18', 'agente de campo', 5),
(248, 'Rosalie Waters', '1970-11-27', 'agente de campo', 10),
(249, 'Addie Adams', '1989-01-14', 'agente de campo', 23),
(250, 'Darell Ison', '1971-12-06', 'archivo', 13),
(251, 'Arnold Mabe', '1976-05-18', 'agente de campo', 2),
(252, 'Benton Iverson', '1999-07-15', 'agente de campo', 8),
(253, 'Adalberto Pepper', '1974-08-09', 'archivo', 16),
(254, 'Jonathan Fortin', '1971-02-10', 'agente de campo', 24),
(255, 'Cristobal Mclean', '1999-02-27', 'administrativo', 1),
(256, 'Pierre Sneed', '1984-04-16', 'agente de campo', 4),
(257, 'Homer Boyer', '1983-07-23', 'administrativo', 12),
(258, 'Harris Adamson', '1975-05-23', 'diplomático', 5),
(259, 'Laurine Croteau', '1986-03-13', 'administrativo', 28),
(260, 'Adolph Fortner', '1978-12-10', 'agente de campo', 26),
(261, 'Rigoberto Perales', '1994-10-14', 'agente de campo', 8),
(262, 'Adriane Watkins', '1988-05-06', 'agente de campo', 5),
(263, 'Abby Mclemore', '1970-01-26', 'diplomático', 26),
(264, 'Kelly Peralta', '1983-01-10', 'agente de campo', 21),
(265, 'Cordell Mabry', '1987-01-07', 'agente de campo', 18),
(266, 'Anderson Mclendon', '1986-10-24', 'administrativo', 18),
(267, 'Miquel Perdue', '1972-05-24', 'archivo', 4),
(268, 'Dennis Crouch', '1971-09-12', 'archivo', 4),
(269, 'Steven Ives', '1970-01-14', 'administrativo', 22),
(270, 'Treasa Mcleod', '1979-02-27', 'agente de campo', 8),
(271, 'Lazaro Fortune', '1991-01-08', 'administrativo', 16),
(272, 'Adam Macdonald', '1970-02-13', 'agente de campo', 9),
(273, 'Adan Pereira', '1973-11-12', 'archivo', 18),
(274, 'Eduardo Snell', '2001-05-28', 'agente de campo', 7),
(275, 'Sammy Boykin', '1985-02-08', 'agente de campo', 34),
(276, 'Alia Watson', '1973-04-12', 'agente de campo', 4),
(277, 'Charise Adcock', '1970-03-28', 'agente de campo', 28),
(278, 'Nohemi Boyle', '1988-02-14', 'archivo', 30),
(279, 'Ada Addison', '1974-01-22', 'administrativo', 21),
(280, 'Maricela Snider', '1979-06-12', 'agente de campo', 11),
(281, 'Jonathan Watt', '1998-03-07', 'administrativo', 17),
(282, 'Micah Ivey', '1987-04-14', 'administrativo', 13),
(283, 'Salley Snipes', '1987-05-25', 'agente de campo', 5),
(284, 'Leigh Mcmahan', '1978-10-23', 'agente de campo', 17),
(285, 'Randal Boyles', '1971-01-04', 'administrativo', 10),
(286, 'Adena Adkins', '1992-03-25', 'agente de campo', 15),
(287, 'Alex Perez', '2001-06-15', 'archivo', 24),
(288, 'Adolph Watters', '1970-09-19', 'agente de campo', 10),
(289, 'Armand Mace', '1986-04-10', 'agente de campo', 14),
(290, 'Joesph Ivory', '1970-04-08', 'agente de campo', 22),
(291, 'Elna Mcmahon', '1980-10-09', 'archivo', 4),
(292, 'Elenor Crouse', '1972-12-16', 'archivo', 20),
(293, 'Albertine Machado', '1976-04-28', 'agente de campo', 19),
(294, 'Summer Perkins', '1993-07-16', 'archivo', 3),
(295, 'Philip Snodgrass', '1971-07-27', 'agente de campo', 34),
(296, 'Vincent Foss', '1990-03-09', 'agente de campo', 35),
(297, 'Winnie Boynton', '1992-10-28', 'archivo', 4),
(298, 'Abdul Adler', '1996-08-07', 'archivo', 15),
(299, 'Ron Jack', '1984-02-17', 'agente de campo', 32),
(300, 'Lupe Bozeman', '1974-12-19', 'diplomático', 12),
(301, 'Milford Agee', '1993-09-21', 'administrativo', 32),
(302, 'Misti Watts', '1970-01-10', 'administrativo', 5),
(303, 'Elbert Brackett', '1990-11-05', 'administrativo', 20),
(304, 'Teri Snow', '1983-05-21', 'agente de campo', 25),
(305, 'Shandra Mcmanus', '1970-01-04', 'administrativo', 33),
(306, 'Amira Crow', '1976-11-04', 'agente de campo', 16),
(307, 'Ada Macias', '1989-11-20', 'administrativo', 4),
(308, 'Gaye Jacks', '1993-09-03', 'archivo', 27),
(309, 'Trudi Agnew', '1971-02-15', 'agente de campo', 18),
(310, 'Eusebia Foster', '1972-01-31', 'administrativo', 35),
(311, 'Denae Waugh', '1976-08-27', 'diplomático', 12),
(312, 'Garth Snowden', '1977-08-27', 'agente de campo', 12),
(313, 'Neal Mack', '1974-02-27', 'agente de campo', 20),
(314, 'Lauren Bradbury', '1980-04-29', 'archivo', 29),
(315, 'Desire Jackson', '1970-03-22', 'archivo', 30),
(316, 'Major Way', '1982-08-11', 'agente de campo', 23),
(317, 'Orval Crowder', '1970-01-02', 'diplomático', 31),
(318, 'Adolfo Fountain', '1984-05-25', 'archivo', 19),
(319, 'Adaline Mackay', '1970-09-06', 'archivo', 17),
(320, 'Genevie Crowe', '1994-05-21', 'administrativo', 1),
(321, 'Darrin Snyder', '1988-01-27', 'agente de campo', 14),
(322, 'Joseph Jacob', '1970-01-03', 'agente de campo', 32),
(323, 'Abdul Wayne', '2000-12-29', 'agente de campo', 2),
(324, 'Reyes Fournier', '1970-01-04', 'archivo', 29),
(325, 'Ailene Perreault', '1989-07-22', 'administrativo', 27),
(326, 'Alvaro Mackenzie', '1996-04-20', 'agente de campo', 8),
(327, 'Corrin Jacobs', '1998-01-12', 'administrativo', 15),
(328, 'Gracia Crowell', '1994-10-16', 'agente de campo', 3),
(329, 'Gonzalo Mcmaster', '1973-04-22', 'agente de campo', 27),
(330, 'Betsy Soares', '1970-01-06', 'administrativo', 32),
(331, 'Alva Foust', '1979-09-22', 'archivo', 21),
(332, 'Silva Crowley', '1970-07-29', 'administrativo', 23),
(333, 'Aron Fowler', '1991-05-08', 'agente de campo', 30),
(334, 'Ada Perrin', '1970-04-04', 'administrativo', 35),
(335, 'Landon Mcmillan', '1977-11-01', 'agente de campo', 25),
(336, 'Berry Aguiar', '1976-07-10', 'administrativo', 2),
(337, 'Carmon Braden', '1987-01-27', 'diplomático', 32),
(338, 'Lucas Perron', '2001-04-24', 'diplomático', 12),
(339, 'Sigrid Mackey', '1973-10-07', 'archivo', 4),
(340, 'Jamie Aguilar', '1979-01-18', 'agente de campo', 19),
(341, 'Agustina Crum', '1997-09-08', 'archivo', 18),
(342, 'Adan Jacobsen', '1993-03-22', 'agente de campo', 18),
(343, 'Susanna Weatherford', '1996-11-08', 'agente de campo', 26),
(344, 'Arturo Mcmillen', '1986-11-06', 'agente de campo', 32),
(345, 'Rodrigo Mackie', '1992-01-02', 'agente de campo', 30),
(346, 'Letisha Perry', '1996-12-08', 'agente de campo', 4),
(347, 'Lance Mcmillian', '1970-03-24', 'archivo', 14),
(348, 'Edmond Fox', '1978-12-03', 'administrativo', 24),
(349, 'Werner Perryman', '2001-05-02', 'diplomático', 9),
(350, 'Christoper Jacobson', '1970-08-25', 'administrativo', 20),
(351, 'Concetta Mcmullen', '1995-01-16', 'agente de campo', 13),
(352, 'Rigoberto Crump', '1983-04-25', 'agente de campo', 7),
(353, 'Lona Foy', '2001-10-28', 'agente de campo', 13),
(354, 'Emile Person', '1970-12-16', 'agente de campo', 11),
(355, 'Lael Solano', '1970-01-06', 'administrativo', 11),
(356, 'Lera Cruse', '1970-03-09', 'administrativo', 17),
(357, 'Antone Macklin', '2001-01-01', 'archivo', 29),
(358, 'Winford Bradford', '1981-10-03', 'agente de campo', 29),
(359, 'Monet Mcmurray', '1970-01-26', 'archivo', 8),
(360, 'Aide Fraley', '1990-12-17', 'administrativo', 15),
(361, 'William Weatherly', '1970-03-12', 'archivo', 16),
(362, 'Adolph Peter', '1970-01-01', 'administrativo', 8),
(363, 'Adam Jacoby', '1972-04-30', 'archivo', 10),
(364, 'Jayson Solis', '1977-01-23', 'agente de campo', 4),
(365, 'Reinaldo Maclean', '1995-03-21', 'agente de campo', 27),
(366, 'Abel Jacques', '1970-01-08', 'agente de campo', 18),
(367, 'Patria Mcnabb', '1970-06-07', 'diplomático', 2),
(368, 'Kip Macon', '1986-07-31', 'agente de campo', 31),
(369, 'Georgeanna Jaeger', '1971-11-23', 'agente de campo', 11),
(370, 'Corie Madden', '1987-07-10', 'administrativo', 2),
(371, 'Hailey James', '1999-10-16', 'archivo', 35),
(372, 'Roy Peterman', '1986-03-30', 'diplomático', 30),
(373, 'Ezekiel Maddox', '1970-01-23', 'agente de campo', 33),
(374, 'Dianna Mcnair', '1984-08-29', 'agente de campo', 7),
(375, 'Rudolf Peters', '1970-01-10', 'agente de campo', 2),
(376, 'Lauralee Aguilera', '1972-09-18', 'agente de campo', 7),
(377, 'Brett Weathers', '2001-06-28', 'diplomático', 4),
(378, 'Sara Crutcher', '1970-03-26', 'diplomático', 21),
(379, 'Chuck Frame', '1971-07-07', 'agente de campo', 9),
(380, 'Eric Crutchfield', '1979-03-17', 'archivo', 17),
(381, 'Shawanda Bradley', '1979-11-05', 'administrativo', 3),
(382, 'Sierra Jameson', '2001-10-17', 'agente de campo', 7),
(383, 'Abel Aguirre', '1983-12-05', 'agente de campo', 2),
(384, 'Adam Soliz', '1970-01-06', 'archivo', 32),
(385, 'Carlee France', '1978-01-30', 'archivo', 26),
(386, 'Theodore Mcnally', '2001-03-27', 'archivo', 30),
(387, 'Clifford Madison', '1970-07-13', 'administrativo', 9),
(388, 'Yvette Jamison', '1971-01-14', 'diplomático', 13),
(389, 'Waldo Cruz', '1988-05-08', 'agente de campo', 7),
(390, 'Archie Bradshaw', '1987-02-11', 'administrativo', 12),
(391, 'Adah Weaver', '1970-03-29', 'agente de campo', 32),
(392, 'Adaline Petersen', '1999-08-13', 'administrativo', 16),
(393, 'Corrie Mcnamara', '1987-11-02', 'archivo', 30),
(394, 'Christin Madrid', '1997-07-11', 'administrativo', 14),
(395, 'Stewart Peterson', '1994-11-22', 'diplomático', 25),
(396, 'Major Francis', '1970-03-25', 'diplomático', 30),
(397, 'Jonathan Ahern', '1971-10-30', 'administrativo', 10),
(398, 'Thaddeus Solomon', '1983-05-14', 'administrativo', 2),
(399, 'Adrianne Mcneal', '1970-01-04', 'agente de campo', 22),
(400, 'Marshall Bragg', '1995-02-05', 'diplomático', 5);

--
-- Inserting data into table hechizo
--
INSERT INTO hechizo(id, id_vulnerabilidad, id_libro) VALUES
(1, 81, 23),
(2, 82, 57),
(3, 83, NULL),
(4, 84, 59),
(5, 85, 68),
(6, 86, 23),
(7, 87, 34),
(8, 88, 15),
(9, 89, 52),
(10, 90, 51),
(11, 91, 1),
(12, 92, 3),
(13, 93, 36),
(14, 94, 9),
(15, 95, 2),
(16, 96, 7),
(17, 97, 59),
(18, 98, NULL),
(19, 99, NULL),
(20, 100, NULL),
(21, 101, 41),
(22, 102, 17),
(23, 103, 62),
(24, 104, 61),
(25, 105, NULL),
(26, 106, 30),
(27, 107, 59),
(28, 108, 61),
(29, 109, 22),
(30, 110, 27),
(31, 111, 32),
(32, 112, 29),
(33, 113, 28),
(34, 114, 51),
(35, 115, NULL),
(36, 116, 42),
(37, 117, 64),
(38, 118, NULL),
(39, 119, 44),
(40, 120, 63),
(41, 121, 4),
(42, 122, 44),
(43, 123, 15),
(44, 124, 60),
(45, 125, 10),
(46, 126, 60),
(47, 127, 28),
(48, 128, 67),
(49, 129, 19),
(50, 130, 44),
(51, 131, 36),
(52, 132, 35),
(53, 133, 27),
(54, 134, 69),
(55, 135, 22),
(56, 136, 62),
(57, 137, 57),
(58, 138, 67),
(59, 139, 52),
(60, 140, 64),
(61, 141, 16),
(62, 142, 48),
(63, 143, 3),
(64, 144, 46),
(65, 145, 5),
(66, 146, 57),
(67, 147, 20),
(68, 148, 53),
(69, 149, 62),
(70, 150, 12),
(71, 151, 65),
(72, 152, 43),
(73, 153, 12),
(74, 154, 39),
(75, 155, 52),
(76, 156, 28),
(77, 157, 70),
(78, 158, 8),
(79, 159, 28),
(80, 160, 66),
(81, 161, 19),
(82, 162, 21),
(83, 163, 62),
(84, 164, 34),
(85, 165, 56),
(86, 166, 45),
(87, 167, 23),
(88, 168, 56),
(89, 169, 39),
(90, 170, 25),
(91, 171, 11),
(92, 172, 64),
(93, 173, 17),
(94, 174, 62),
(95, 175, 44),
(96, 176, 41),
(97, 177, 32),
(98, 178, 14),
(99, 179, 3),
(100, 180, 62),
(101, 181, 39),
(102, 182, 2),
(103, 183, 70),
(104, 184, 17),
(105, 185, 70),
(106, 186, 33),
(107, 187, 5),
(108, 188, 64),
(109, 189, 41),
(110, 190, 27),
(111, 191, 11),
(112, 192, 31),
(113, 193, 9),
(114, 194, 57),
(115, 195, 27),
(116, 196, 43),
(117, 197, 12),
(118, 198, 63),
(119, 199, 14),
(120, 200, 54);

--
-- Inserting data into table ser
--
INSERT INTO ser(id, nombre, edad, descripcion_fisica, id_especie) VALUES
(1, 'Copouxosiel', -254926217, ' Tercera edad', 2),
(2, 'Togor', -31, '', 14),
(3, 'Deeanna Abreu', -997859113, ' Altura superior a la media Tuerto', 15),
(4, 'Logan Acevedo', 460, ' Altura inferior a la media', 12),
(5, 'Aaeier', 9312, ' Tuerto', 16),
(6, 'Wujuor', -1906251446, 'Joven  Tuerto', 7),
(7, 'Kapiel', 87, 'Sin pelo', 9),
(8, 'Uuter', 3851, 'Joven ', 7),
(9, 'Adolfo Engle', -883264385, ' Ojos verdes', 8),
(10, 'Marlene Krieger', -583307337, ' Altura superior a la media', 12),
(11, 'Sharika Acker', 5348, ' Tercera edad Tuerto', 5),
(12, 'Lenita Francisco', -780117874, 'Pelo largo  Tuerto', 17),
(13, 'Newlokifeiel', 7742, 'Pelo escaso ', 14),
(14, 'Jonah Miller', -395294466, ' Altura  en la media', 1),
(15, 'Antonio Leung', 710, 'Edad media Altura  en la media', 3),
(16, 'Farah Batista', -1682896328, 'Edad media Tuerto', 5),
(17, 'Yoqazoiel', -837065396, ' Tercera edad Altura inferior a la media', 16),
(18, 'Qoel', -2064525449, 'Sin pelo Altura inferior a la media', 12),
(19, 'Adan Copeland', -1957096286, 'Pelo corto ', NULL),
(20, 'Lavone Peak', 9, ' Ojos claros', NULL),
(21, 'Cikiwaduel', -1883059763, 'Edad media', 3),
(22, 'Neziiel', -919675575, 'Sin pelo Ojos claros', 17),
(23, 'Viida', -36, ' Tercera edad Altura superior a la media', 17),
(24, 'Xicfo', -568575712, 'Sin pelo Ojos azules', 13),
(25, 'Aaheheel', -719083019, ' Altura  en la media Ojos miel', 11),
(26, 'Willow Saucedo', NULL, ' Ojos miel', 20),
(27, 'Riley Negrete', -2005, ' Tercera edad Ojos oscuros', 9),
(28, 'Lily Long', NULL, ' Altura superior a la media Ojos verdes', 2),
(29, 'Rosalina Wenger', -1246720837, 'Pelo escaso rojizo ', 15),
(30, 'Bertram Cartwright', -7, 'Pelo largo cano  Ojos verdes', 17),
(31, 'Abigail Trejo', -2018875483, 'Pelo largo ', 17),
(32, 'Gofel', -1437852687, 'Pelo escaso rizado ', 12),
(33, 'Yieer', -1833416339, 'Pelo corto liso ', 9),
(34, 'Bior', -779472370, 'Pelo largo oscuro  Ojos desparejados', 4),
(35, 'Sidney Acker', -92204209, 'Edad media Altura superior a la media Tuerto', 7),
(36, 'Teigeueyaiel', -1989361277, 'Pelo largo  Altura inferior a la media Tuerto', 8),
(37, 'Siygohael', -911597340, ' Altura superior a la media Ojos claros', 1),
(38, 'Joaquin Collazo', -5701, 'Pelo largo liso claro ', 17),
(39, 'Roman Allison', -1239403114, ' Altura superior a la media Ojos miel', 7),
(40, 'Juan Merchant', -1345648479, 'Pelo corto rojizo ', 14),
(41, 'Juqaiel', 8, ' Tercera edad Ojos verdes', 5),
(42, 'Nick Matney', -1238043340, ' Ojos desparejados', 15),
(43, 'Millard Stapleton', -5, ' Tercera edad Altura superior a la media Tuerto', 11),
(44, 'Ruxior', -59129593, 'Sin pelo Tuerto', 20),
(45, 'Leif Schindler', -1804208909, 'Sin pelo Ojos miel', 13),
(46, 'Rituer', NULL, 'Joven Sin pelo Altura superior a la media Tuerto', 2),
(47, 'Toyeoiier', -751, ' Ojos azules', 9),
(48, 'Lazaro Gardiner', -898, 'Pelo corto oscuro ', 5),
(49, 'Marquis Crocker', 69, ' Altura  en la media Ojos claros', 3),
(50, 'Uatuuia', -5, 'Pelo largo rojizo  Tuerto', 10),
(51, 'Qahaifoer', -749, 'Pelo corto claro  Tuerto', 19),
(52, 'Iokiheer', 0, 'Pelo escaso claro ', 10),
(53, 'Mapulael', NULL, 'Joven  Altura  en la media Tuerto', 5),
(54, 'Duhkebuel', -3489, 'Pelo largo rizado ', 13),
(55, 'Adalberto Amaya', -821473840, ' Altura inferior a la media Tuerto', 19),
(56, 'Keyieer', -16290723, 'Pelo largo  Ojos miel', 2),
(57, 'Mazomoel', -997, ' Altura superior a la media Ojos oscuros', 14),
(58, 'Ernestine Whalen', -461964513, ' Tercera edadSin pelo Altura  en la media Ojos claros', 1),
(59, 'Aojuel', -3, 'Joven Sin pelo Tuerto', 1),
(60, 'Orville Tripp', 39, ' Altura inferior a la media Ojos miel', 8),
(61, 'Adrienne Worthington', -6064, ' Altura inferior a la media Ojos oscuros', 8),
(62, 'Alisa Cowart', -889290489, 'Pelo corto cano  Ojos miel', 5),
(63, 'Phoebe Lacroix', -1659963685, ' Tercera edadPelo corto ', 14),
(64, 'Zuzuxiduor', 16, 'Edad media Altura inferior a la media Ojos azules', 12),
(65, 'Adela Geary', NULL, 'Pelo escaso  Ojos desparejados', 20),
(66, 'Gavociel', -869453895, ' Altura superior a la media Ojos azules', 6),
(67, 'Annett Abraham', -461034122, ' Tercera edadPelo escaso liso rojizo  Ojos miel', 18),
(68, 'Shon Vanover', -264490474, ' Tercera edad Altura  en la media', 15),
(69, 'Gertrudis Box', 7, 'Joven  Altura inferior a la media Ojos claros', 7),
(70, 'Aoor', -519203114, 'Sin pelo Ojos oscuros', 12),
(71, 'Precious Abney', -941155261, 'Joven  Ojos miel', 20),
(72, 'Victorina Ontiveros', NULL, 'Edad media Ojos oscuros', 17),
(73, 'Ueheaseuiiel', -240614606, ' Ojos oscuros', 8),
(74, 'Ioor', -170270202, 'Sin pelo Ojos desparejados', 10),
(75, 'Astrid Alger', -937200278, 'Pelo corto rizado ', 5),
(76, 'Foysapunoer', -1819284950, ' Altura  en la media Ojos verdes', 20),
(77, 'Eerlomoer', 4, ' Altura  en la media Ojos azules', 13),
(78, 'Cugavuiel', -194047547, 'Sin pelo Altura superior a la media Ojos desparejados', 18),
(79, 'Rosalia Barone', -336, 'Edad mediaSin pelo', 7),
(80, 'Iewor', -629283910, 'Joven Pelo corto ', 9),
(81, 'Abe Blanton', -737571354, 'Joven Sin pelo', 9),
(82, 'Janelle Edmondson', -1587383900, 'Pelo largo oscuro  Tuerto', 18),
(83, 'Joesph Tamayo', -700832556, 'Pelo escaso liso rojizo  Altura inferior a la media Ojos verdes', 5),
(84, 'Buoaiel', -638771310, ' Altura  en la media Ojos oscuros', 13),
(85, 'Quqni', NULL, 'Joven  Altura  en la media', 20),
(86, 'Qozibeyaiel', -216204471, ' Tercera edad Ojos miel', 2),
(87, 'Lanelle Baca', NULL, 'Pelo corto claro ', 20),
(88, 'Jarod Wiles', -1772717891, 'Edad mediaPelo largo liso ', 13),
(89, 'Alden Regalado', 0, 'Pelo largo  Altura superior a la media Tuerto', 18),
(90, 'Vovavaiel', -2075935002, 'Pelo largo liso ', 1),
(91, 'Kendrick Abreu', -9191, 'Pelo largo rojizo ', 1),
(92, 'Damon Toth', -164581460, ' Tercera edadSin pelo Tuerto', 20),
(93, 'Pakwifa', -1991007244, 'Joven  Altura inferior a la media', 17),
(94, 'Cubsobeel', -899060242, 'Joven  Altura superior a la media Ojos azules', 11),
(95, 'Ina Jacobson', -4, 'Edad media Ojos azules', 10),
(96, 'Dakota Wills', -58, 'Edad media Ojos miel', 2),
(97, 'Yoduuer', -1769870606, ' Tercera edadSin pelo Altura superior a la media Ojos azules', 9),
(98, 'Poepiwoor', NULL, 'Joven Pelo largo ', 3),
(99, 'Aoanuer', 966, 'Joven Sin pelo Ojos oscuros', 15),
(100, 'Delorse Cash', -34783695, 'Edad media Altura inferior a la media Ojos miel', 7),
(101, 'Classie Teague', -1126735101, 'Pelo escaso liso ', 6),
(102, 'Aeyluiel', NULL, 'Sin pelo Altura  en la media', 12),
(103, 'Ooel', -382476327, 'Pelo largo oscuro ', 5),
(104, 'Yulsoel', -711679111, 'Pelo escaso  Ojos verdes', 19),
(105, 'Bessie Layman', -85, ' Altura  en la media Tuerto', 3),
(106, 'Britney Alger', NULL, ' Tercera edadPelo escaso  Ojos miel', 17),
(107, 'Ned Benner', NULL, 'Edad mediaSin pelo Altura inferior a la media Ojos oscuros', 17),
(108, 'Voonoiel', -204529254, 'Joven  Ojos verdes', 1),
(109, 'Renaioioor', -125238268, 'Pelo corto  Ojos desparejados', 18),
(110, 'Alden Torres', -2063389900, 'Pelo escaso  Tuerto', 11),
(111, 'Christina Richard', 426, 'Edad media Altura  en la media Ojos claros', 13),
(112, 'Agustin Barone', -998584347, 'Sin pelo Altura superior a la media', 8),
(113, 'Annika Archie', -819230064, 'Edad media Ojos desparejados', 1),
(114, 'Gifu', -649389284, 'Edad mediaPelo corto ', 1),
(115, 'Jamar Acker', -3513, ' Tercera edad Altura superior a la media Ojos miel', 2),
(116, 'Alda Ricks', -1266300745, ' Tercera edadPelo escaso ', 1),
(117, 'Lionel Partin', -1, 'Edad mediaPelo escaso ', 7),
(118, 'Qekmoiel', -6700, 'Sin pelo Altura inferior a la media Ojos oscuros', 1),
(119, 'Pogauiel', -824751932, 'Pelo corto rojizo  Altura  en la media', 8),
(120, 'Stanley Alford', -374718711, 'Pelo corto  Altura superior a la media Ojos desparejados', 17),
(121, 'Ziiazona', NULL, 'Pelo largo liso  Tuerto', 1),
(122, 'Wu', -878582562, 'Joven  Ojos oscuros', 7),
(123, 'Xiatovilael', NULL, 'Sin pelo Altura superior a la media Ojos claros', 12),
(124, 'Wibiitaiel', -5, 'Edad media Ojos verdes', 12),
(125, 'Ouxeel', -1920551668, 'Pelo largo  Altura superior a la media', 11),
(126, 'Gitoevajoer', NULL, ' Tercera edad Altura superior a la media Ojos oscuros', 2),
(127, 'Laine Bateman', -1881303305, ' Tercera edad Ojos desparejados', 18),
(128, 'Adelaida Antoine', -1165080459, ' Tercera edadSin pelo', 4),
(129, 'Carfeiuel', 74, 'Sin pelo Altura inferior a la media Ojos azules', 8),
(130, 'Horace Laplante', 9, 'Joven Pelo largo liso claro  Tuerto', 15),
(131, 'Razeor', -625509087, 'Pelo escaso claro  Ojos claros', 4),
(132, 'Ambrose Lofton', -1841007533, ' Altura superior a la media Ojos desparejados', 6),
(133, 'Alexa Abraham', 436, 'Edad media Altura superior a la media', 19),
(134, 'Saqkokeniiel', NULL, 'Edad mediaSin pelo Tuerto', 20);

--
-- Inserting data into table agente_mision
--
INSERT INTO agente_mision(id_agente, id_mision) VALUES
(82, 374),
(173, 360),
(391, 221),
(371, 578),
(32, 234),
(249, 114),
(268, 363),
(190, 589),
(303, 412),
(222, 220),
(78, 208),
(301, 604),
(244, 81),
(56, 677),
(281, 479),
(97, 233),
(150, 226),
(242, 88),
(398, 383),
(111, 313),
(334, 328),
(174, 2),
(206, 636),
(158, 397),
(266, 93),
(118, 676),
(211, 91),
(22, 307),
(290, 157),
(238, 162),
(233, 15),
(374, 410),
(58, 683),
(152, 385),
(349, 294),
(295, 356),
(254, 289),
(162, 99),
(149, 348),
(166, 106),
(62, 518),
(30, 677),
(24, 673),
(211, 90),
(37, 565),
(322, 438),
(45, 349),
(256, 291),
(96, 417),
(239, 672),
(192, 577),
(388, 355),
(163, 85),
(374, 25),
(172, 377),
(313, 265),
(365, 651),
(304, 221),
(307, 540),
(53, 364),
(287, 105),
(86, 699),
(308, 276),
(113, 41),
(291, 582),
(187, 75),
(86, 90),
(310, 479),
(198, 122),
(108, 683),
(22, 444),
(295, 145),
(350, 511),
(53, 99),
(229, 669),
(144, 174),
(258, 42),
(108, 117),
(340, 249),
(326, 543),
(156, 343),
(224, 226),
(339, 75),
(198, 17),
(171, 537),
(151, 494),
(232, 24),
(146, 441),
(82, 357),
(158, 623),
(248, 33),
(377, 169),
(231, 438),
(296, 390),
(252, 417),
(62, 181),
(352, 572),
(153, 124),
(193, 91),
(244, 534),
(91, 269),
(300, 581),
(355, 415),
(342, 300),
(294, 131),
(181, 157),
(37, 643),
(304, 263),
(186, 450),
(102, 485),
(77, 144),
(269, 66),
(254, 213),
(86, 528),
(263, 656),
(326, 75),
(225, 608),
(301, 632),
(163, 686),
(241, 157),
(90, 452),
(363, 480),
(41, 111),
(184, 87),
(122, 180),
(310, 585),
(316, 326),
(76, 143),
(74, 245),
(139, 2),
(221, 650),
(59, 83),
(194, 593),
(46, 640),
(395, 503),
(245, 236),
(88, 85),
(255, 297),
(210, 529),
(121, 599),
(87, 400),
(96, 496),
(171, 238),
(319, 190),
(149, 56),
(144, 641),
(51, 174),
(283, 631),
(102, 661),
(177, 494),
(111, 114),
(56, 318),
(206, 199),
(269, 73),
(281, 560),
(261, 275),
(209, 13),
(253, 511),
(395, 552),
(141, 421),
(113, 50),
(67, 532),
(215, 67),
(396, 198),
(251, 550),
(104, 12),
(22, 186),
(286, 273),
(133, 234),
(208, 561),
(172, 71),
(123, 190),
(323, 679),
(205, 509),
(384, 30),
(224, 596),
(283, 474),
(94, 60),
(115, 182),
(53, 97),
(88, 122),
(159, 62),
(255, 234),
(182, 229),
(396, 413),
(218, 474),
(44, 386),
(301, 504),
(286, 440),
(54, 372),
(282, 112),
(325, 444),
(285, 454),
(366, 409),
(250, 59),
(24, 110),
(50, 693),
(151, 697),
(307, 50),
(183, 352),
(309, 143),
(194, 189),
(390, 199),
(37, 282),
(25, 430),
(118, 438),
(283, 251),
(24, 51),
(379, 629),
(382, 622),
(232, 208),
(293, 107),
(68, 201),
(55, 481),
(260, 511),
(225, 540),
(279, 257),
(213, 4),
(111, 469),
(164, 589),
(2, 65),
(31, 555),
(94, 405),
(251, 348),
(79, 415),
(30, 260),
(88, 322),
(146, 394),
(90, 285),
(297, 378),
(17, 385),
(78, 324),
(335, 136),
(354, 405),
(357, 346),
(46, 487),
(88, 270),
(65, 178),
(245, 330),
(20, 561),
(367, 183),
(71, 155),
(344, 540),
(105, 225),
(81, 317),
(103, 524),
(324, 180),
(91, 160),
(274, 124),
(369, 111),
(222, 257),
(215, 606),
(353, 440),
(261, 230),
(127, 674),
(363, 503),
(214, 484),
(122, 624),
(280, 269),
(125, 293),
(283, 496),
(114, 341),
(80, 612),
(375, 127),
(260, 286),
(281, 699),
(41, 506),
(164, 653),
(351, 518),
(59, 245),
(158, 642),
(121, 353),
(313, 503),
(75, 144),
(159, 532),
(369, 293),
(347, 222),
(217, 204),
(267, 675),
(383, 88),
(109, 275),
(382, 399),
(368, 60),
(332, 7),
(14, 1),
(225, 151),
(399, 53),
(243, 413),
(304, 689),
(140, 345),
(91, 52),
(206, 349),
(263, 659),
(10, 169),
(196, 219),
(215, 185),
(41, 128),
(263, 108),
(339, 221),
(313, 513),
(77, 388),
(144, 28),
(313, 483),
(37, 596),
(166, 597),
(283, 2),
(240, 207),
(18, 50),
(84, 633),
(77, 200),
(75, 223),
(128, 460),
(79, 420),
(176, 576),
(89, 319),
(72, 371),
(337, 187),
(84, 481),
(205, 126),
(178, 622),
(268, 512),
(87, 285),
(277, 19),
(345, 62),
(21, 363),
(14, 331),
(266, 700),
(111, 260),
(330, 649),
(193, 358),
(370, 31),
(136, 459),
(314, 473),
(95, 699),
(340, 339),
(387, 8),
(115, 121),
(275, 518),
(319, 496),
(185, 208),
(334, 376),
(104, 375),
(156, 140),
(1, 586),
(130, 663),
(266, 357),
(181, 255),
(389, 375),
(148, 43),
(23, 565),
(307, 534),
(97, 1),
(162, 237),
(41, 353),
(131, 584),
(134, 690),
(142, 347),
(179, 500),
(177, 656),
(280, 473),
(391, 121),
(45, 7),
(95, 152),
(394, 262),
(301, 183),
(360, 614),
(187, 508),
(18, 128),
(237, 525),
(378, 266),
(304, 358),
(368, 487),
(43, 189),
(308, 343),
(280, 164),
(214, 545),
(107, 38),
(373, 518),
(135, 555),
(205, 302),
(171, 76),
(16, 176),
(113, 18),
(45, 17),
(399, 144),
(130, 536),
(351, 83),
(65, 216),
(239, 61),
(292, 53),
(328, 127),
(337, 626),
(88, 486),
(283, 174),
(12, 111),
(206, 124),
(2, 44),
(9, 374),
(123, 415),
(8, 549),
(356, 40),
(133, 192),
(208, 616),
(334, 119),
(290, 588),
(380, 120),
(106, 310),
(338, 206),
(318, 93),
(179, 266),
(106, 177),
(152, 169),
(176, 645),
(53, 327),
(204, 665),
(394, 566),
(268, 557),
(41, 311),
(20, 18),
(17, 303),
(194, 607),
(133, 535),
(169, 60),
(73, 133),
(285, 615),
(255, 298),
(309, 457),
(94, 488),
(23, 10),
(9, 580),
(13, 76),
(205, 218),
(14, 461),
(69, 129),
(201, 19),
(346, 616),
(173, 373),
(54, 609),
(376, 165),
(389, 545),
(278, 109),
(287, 123),
(285, 520),
(144, 342),
(348, 520),
(301, 137),
(290, 214),
(375, 164),
(324, 185),
(120, 437),
(154, 584),
(147, 343),
(328, 183),
(358, 294),
(171, 40),
(10, 29),
(96, 41),
(162, 193),
(381, 100),
(215, 523),
(299, 470),
(48, 198),
(70, 62),
(369, 358),
(311, 352),
(306, 168),
(127, 148),
(22, 579),
(271, 304),
(102, 331),
(216, 659),
(374, 373),
(196, 539),
(373, 587),
(388, 352),
(224, 618),
(126, 418),
(249, 23),
(152, 6),
(230, 282),
(6, 189),
(377, 631),
(268, 221),
(10, 328),
(132, 276),
(29, 439),
(88, 183),
(263, 364),
(238, 684),
(389, 328),
(394, 214),
(311, 275),
(207, 300),
(256, 48),
(292, 310),
(66, 98),
(170, 133),
(3, 109),
(199, 341),
(305, 48),
(12, 283),
(394, 680),
(156, 700),
(359, 204),
(107, 664),
(109, 524),
(248, 359),
(275, 196),
(276, 411),
(149, 133),
(164, 170),
(47, 223),
(13, 403),
(271, 63),
(371, 422),
(34, 362),
(128, 234),
(159, 507),
(69, 312),
(267, 690),
(77, 452),
(45, 416),
(296, 381),
(287, 129),
(163, 593),
(204, 656),
(201, 188),
(274, 506),
(38, 273),
(208, 86),
(219, 253),
(166, 110),
(39, 475),
(13, 335),
(331, 28),
(28, 678),
(183, 7),
(109, 202),
(86, 668),
(297, 23),
(278, 197),
(343, 569),
(176, 172),
(101, 94),
(356, 321),
(217, 656),
(205, 434),
(274, 54),
(189, 33),
(267, 517),
(251, 302),
(155, 675),
(207, 253),
(214, 218),
(237, 550),
(329, 652),
(349, 359),
(236, 91),
(243, 525),
(300, 346),
(319, 399),
(375, 278),
(270, 694),
(283, 451),
(364, 25),
(138, 458),
(28, 9),
(363, 390),
(32, 145),
(16, 20),
(348, 324),
(249, 591),
(182, 570),
(93, 205),
(108, 257),
(340, 79),
(324, 418),
(89, 499),
(277, 157),
(286, 352),
(349, 399),
(371, 211),
(343, 553),
(366, 217),
(235, 210),
(35, 397),
(251, 183),
(225, 140),
(382, 292),
(120, 120),
(82, 411),
(164, 57),
(97, 62),
(26, 547),
(379, 652),
(215, 135),
(43, 616),
(289, 637),
(97, 3),
(374, 86),
(201, 556),
(203, 124),
(3, 585),
(119, 552),
(177, 528),
(150, 142),
(89, 67),
(100, 339),
(322, 333),
(14, 138),
(128, 91),
(90, 599),
(285, 529),
(133, 603),
(290, 434),
(209, 514),
(195, 261),
(353, 652),
(174, 340),
(100, 246),
(209, 145),
(26, 626),
(143, 673),
(340, 331),
(212, 660),
(122, 638),
(330, 309),
(19, 573),
(82, 691),
(338, 655),
(292, 578),
(205, 389),
(198, 358),
(78, 33),
(175, 163),
(320, 465),
(154, 174),
(371, 224),
(364, 585),
(386, 396),
(228, 436),
(14, 85),
(310, 658),
(334, 350),
(112, 381),
(234, 543),
(132, 210),
(165, 84),
(73, 300),
(321, 43),
(39, 88),
(372, 469),
(70, 145),
(226, 98),
(204, 452),
(398, 518),
(245, 35),
(118, 666),
(212, 267),
(2, 664),
(73, 590),
(313, 548),
(53, 397),
(345, 522),
(217, 98),
(241, 69),
(325, 405),
(82, 120),
(299, 161),
(372, 232),
(119, 407),
(166, 41),
(83, 251),
(112, 265),
(239, 421),
(156, 411),
(342, 572),
(153, 516),
(65, 205),
(46, 408),
(294, 196),
(216, 673),
(33, 209),
(279, 565),
(119, 101),
(260, 243),
(280, 144),
(130, 377),
(98, 397),
(377, 23),
(306, 88),
(114, 460),
(34, 496),
(348, 526),
(275, 24),
(210, 30),
(327, 553),
(368, 328),
(194, 552),
(7, 586),
(188, 491),
(147, 27),
(248, 69),
(341, 221),
(37, 604),
(117, 681),
(165, 370),
(373, 273),
(209, 173),
(50, 7),
(379, 613),
(392, 661),
(65, 407),
(212, 490),
(227, 220),
(362, 130),
(111, 612),
(80, 193),
(262, 233),
(79, 422),
(302, 97),
(308, 98),
(50, 259),
(329, 414),
(121, 290),
(129, 441),
(208, 505),
(295, 413),
(106, 92),
(306, 63),
(238, 131),
(31, 519),
(356, 534),
(333, 688),
(306, 233),
(73, 239),
(179, 605),
(104, 88),
(220, 220),
(239, 302),
(125, 584),
(116, 605),
(112, 125),
(129, 21),
(292, 233),
(142, 143),
(64, 529),
(155, 631),
(279, 107),
(298, 206),
(169, 676),
(151, 12),
(273, 424),
(397, 585),
(168, 379),
(293, 66),
(110, 517),
(351, 476),
(149, 152),
(106, 672),
(387, 417),
(221, 252),
(181, 4),
(8, 611),
(206, 82),
(294, 456),
(85, 318),
(225, 68),
(321, 431),
(7, 128),
(278, 563),
(82, 300),
(70, 300),
(50, 73),
(213, 3),
(164, 106),
(114, 439),
(5, 37),
(267, 569),
(335, 368),
(312, 614),
(57, 353),
(378, 515),
(136, 609),
(63, 89),
(296, 649),
(249, 533),
(348, 478),
(303, 367),
(89, 140),
(53, 428),
(201, 318),
(35, 408),
(302, 232),
(28, 284),
(374, 438),
(138, 278),
(319, 462),
(11, 427),
(331, 43),
(177, 517),
(3, 329),
(76, 175),
(358, 673),
(129, 644),
(164, 121),
(400, 411),
(234, 568),
(231, 75),
(279, 213),
(240, 476),
(69, 322),
(99, 267),
(134, 699),
(60, 4),
(374, 672),
(134, 694),
(358, 165),
(353, 85),
(68, 633),
(37, 291),
(242, 413),
(273, 176),
(297, 93),
(348, 24),
(252, 561),
(328, 586),
(390, 201),
(223, 388),
(318, 315),
(14, 360),
(351, 388),
(373, 70),
(302, 330),
(50, 393),
(212, 278),
(379, 404),
(315, 80),
(142, 202),
(68, 100),
(27, 491),
(238, 11),
(150, 700),
(375, 699),
(192, 307),
(35, 143),
(189, 447),
(375, 610),
(156, 638),
(82, 441),
(305, 413),
(343, 448),
(195, 662),
(162, 504),
(116, 238),
(137, 419),
(344, 161),
(81, 636),
(276, 692),
(32, 599),
(208, 237),
(34, 632),
(281, 493),
(154, 82),
(175, 680),
(318, 462),
(284, 333),
(74, 483),
(213, 303),
(342, 350),
(5, 627),
(234, 17),
(371, 615),
(302, 499),
(43, 522),
(203, 636),
(268, 604),
(364, 307),
(252, 67),
(394, 47),
(386, 169),
(56, 227),
(115, 485),
(383, 623),
(282, 385),
(151, 153),
(260, 637),
(354, 641),
(257, 302),
(233, 318),
(160, 80),
(321, 140),
(121, 472),
(286, 562),
(206, 359),
(202, 526),
(342, 573),
(163, 235),
(299, 49),
(105, 600),
(217, 600),
(144, 439),
(47, 3),
(346, 24),
(217, 268),
(298, 164),
(272, 331),
(151, 102),
(370, 531),
(30, 99),
(174, 689),
(190, 474),
(354, 180),
(254, 10),
(129, 203),
(116, 170),
(78, 365),
(155, 261),
(95, 244),
(332, 44),
(119, 530),
(39, 598),
(35, 543),
(24, 348),
(305, 32),
(303, 192),
(351, 371),
(37, 332),
(336, 10),
(29, 675),
(167, 93),
(325, 484),
(373, 557),
(99, 506),
(355, 99),
(259, 368),
(127, 526),
(298, 585),
(346, 12),
(171, 319),
(95, 121),
(49, 497),
(73, 654),
(131, 298),
(123, 75),
(330, 10),
(385, 658),
(343, 40),
(367, 142),
(298, 285),
(221, 429),
(338, 430),
(156, 623),
(214, 469),
(341, 42),
(376, 496),
(1, 322),
(68, 136),
(80, 534),
(76, 652),
(278, 66),
(102, 109),
(111, 457),
(181, 377),
(85, 164),
(183, 444),
(53, 66),
(211, 136),
(94, 415),
(277, 506),
(67, 378),
(346, 662),
(30, 439),
(363, 160),
(374, 237),
(91, 458),
(4, 14),
(36, 489),
(317, 504),
(236, 250),
(219, 111),
(116, 215),
(340, 162),
(118, 539),
(80, 258),
(320, 528),
(388, 255),
(340, 55),
(390, 688),
(8, 20),
(345, 669),
(293, 443),
(45, 302),
(174, 313),
(387, 515),
(400, 386),
(310, 500),
(265, 295),
(62, 420),
(126, 311),
(142, 673),
(81, 10),
(302, 309),
(301, 423),
(115, 423),
(108, 187),
(319, 482),
(333, 157),
(175, 259),
(280, 87),
(264, 410),
(208, 243),
(97, 393),
(21, 191),
(377, 72),
(223, 57),
(238, 420),
(73, 529),
(16, 595),
(64, 416),
(120, 471),
(90, 86),
(18, 303),
(333, 262),
(226, 61),
(185, 493),
(219, 669),
(22, 39),
(197, 518),
(213, 347),
(85, 669),
(306, 594),
(92, 318),
(356, 568),
(340, 700),
(54, 493),
(170, 419),
(359, 693),
(183, 573),
(93, 395),
(161, 491),
(46, 101),
(258, 216),
(282, 129),
(389, 200),
(162, 540),
(371, 289),
(80, 319),
(243, 496),
(2, 665),
(221, 271),
(400, 327),
(309, 461),
(293, 13),
(174, 190),
(31, 206),
(154, 583),
(185, 545),
(176, 242),
(102, 20),
(267, 108),
(323, 157),
(212, 630),
(273, 523),
(72, 228),
(279, 643),
(331, 676),
(392, 164),
(246, 292),
(204, 557),
(240, 4),
(132, 313),
(186, 373),
(95, 379),
(88, 203),
(274, 561),
(363, 138),
(137, 167),
(210, 483),
(3, 613),
(30, 340),
(341, 308),
(146, 90),
(235, 103),
(194, 2),
(31, 256),
(356, 124),
(285, 680),
(54, 190),
(78, 171),
(162, 117),
(55, 4),
(241, 686),
(201, 449),
(219, 464),
(22, 552),
(363, 452),
(338, 194),
(24, 654),
(131, 278),
(173, 557),
(137, 425),
(388, 437),
(316, 645),
(111, 288),
(288, 546),
(159, 609),
(49, 191),
(265, 578),
(246, 510),
(78, 345),
(296, 689),
(116, 194),
(291, 208),
(214, 384),
(360, 4),
(9, 462),
(97, 175),
(324, 548),
(351, 366),
(272, 63),
(397, 435),
(139, 163),
(216, 302),
(313, 392),
(118, 14),
(247, 26),
(370, 160),
(386, 29),
(353, 356),
(303, 346),
(150, 11),
(44, 502),
(113, 368),
(329, 531),
(165, 447),
(68, 54),
(254, 272),
(167, 393),
(179, 641),
(265, 632),
(378, 388),
(272, 542),
(178, 115),
(74, 623),
(304, 52),
(213, 129),
(235, 321),
(103, 326),
(96, 201),
(325, 488),
(22, 700),
(106, 520),
(27, 320),
(164, 272),
(6, 123),
(392, 29),
(75, 52),
(371, 650),
(80, 622),
(53, 663),
(226, 11),
(188, 28),
(5, 364),
(114, 690),
(284, 234),
(77, 274),
(51, 228),
(18, 412),
(290, 569),
(126, 198),
(237, 368),
(388, 321),
(6, 354),
(396, 644),
(392, 356),
(306, 186),
(333, 624),
(143, 129),
(214, 145),
(390, 432),
(351, 259),
(255, 469),
(106, 619),
(248, 441),
(247, 207),
(111, 258),
(261, 71),
(291, 192),
(292, 503),
(201, 225),
(30, 459),
(154, 686),
(270, 169),
(161, 410),
(110, 361),
(208, 340),
(218, 438),
(339, 467),
(204, 649),
(381, 6),
(274, 531),
(92, 283),
(376, 389),
(354, 514),
(389, 368),
(222, 281),
(218, 628),
(357, 190),
(105, 492),
(356, 74),
(168, 694),
(105, 2),
(88, 312),
(174, 634),
(399, 541),
(330, 277),
(171, 53),
(197, 179),
(114, 492),
(351, 444),
(304, 65),
(41, 447),
(271, 276),
(312, 315),
(324, 500),
(110, 34),
(45, 203),
(280, 450),
(351, 347),
(157, 490),
(169, 595),
(324, 293),
(7, 41),
(246, 488),
(45, 544),
(211, 312),
(104, 287),
(21, 628),
(131, 33),
(91, 170),
(73, 588),
(56, 190),
(102, 324),
(273, 672),
(357, 393),
(258, 140),
(175, 687),
(25, 217),
(129, 323),
(318, 450),
(108, 528),
(395, 50),
(255, 74),
(359, 39),
(345, 574),
(255, 249),
(206, 37),
(14, 105),
(347, 446),
(369, 448),
(233, 688),
(130, 166),
(165, 395),
(10, 635),
(280, 496),
(51, 515),
(7, 659),
(144, 260),
(337, 309),
(33, 202),
(177, 411),
(193, 414),
(383, 549),
(62, 44),
(117, 376),
(369, 427),
(33, 475),
(184, 84),
(243, 436),
(116, 224),
(327, 281),
(76, 603),
(126, 537),
(358, 525),
(257, 365),
(354, 47),
(208, 447),
(215, 580),
(344, 308),
(193, 592),
(109, 426),
(293, 417),
(332, 546),
(295, 458),
(307, 412),
(278, 428),
(176, 530),
(24, 159),
(23, 338),
(7, 8),
(315, 351),
(126, 213),
(394, 199),
(57, 614),
(51, 476),
(161, 241),
(345, 595),
(170, 671),
(158, 688),
(69, 356),
(311, 393),
(381, 457),
(189, 581),
(35, 555),
(274, 305),
(33, 73),
(179, 80),
(234, 227),
(199, 517),
(127, 170),
(109, 78),
(71, 171),
(295, 63),
(283, 455),
(242, 434),
(269, 160),
(122, 82),
(221, 636),
(14, 555),
(162, 165),
(81, 207),
(395, 314),
(186, 109),
(232, 458),
(279, 300),
(91, 366),
(154, 406),
(357, 463),
(301, 623),
(234, 402),
(318, 472),
(145, 486),
(23, 194),
(29, 60),
(55, 417),
(328, 468),
(172, 101),
(44, 670),
(266, 453),
(289, 511),
(191, 544),
(190, 152),
(223, 293),
(198, 130),
(219, 126),
(247, 605),
(1, 186),
(205, 25),
(11, 94),
(160, 584),
(71, 644),
(118, 387),
(118, 28),
(65, 272),
(65, 150),
(159, 480),
(349, 86),
(7, 239),
(117, 535),
(154, 374),
(263, 245),
(321, 345),
(308, 21),
(340, 185),
(279, 667),
(181, 594),
(164, 217),
(229, 186),
(101, 54),
(67, 108),
(192, 193),
(81, 481),
(142, 171),
(325, 300),
(373, 548),
(353, 486),
(9, 171),
(398, 156),
(256, 566),
(123, 543),
(31, 687),
(270, 442),
(292, 627),
(340, 119),
(79, 401),
(399, 9),
(122, 389),
(81, 595),
(317, 155),
(340, 315),
(162, 95),
(53, 64),
(140, 448),
(93, 695),
(159, 493),
(24, 633),
(100, 674),
(117, 295),
(19, 413),
(298, 378),
(37, 588),
(34, 54),
(204, 472),
(122, 270),
(252, 514),
(315, 476),
(394, 393),
(264, 141),
(127, 306),
(252, 311),
(129, 595),
(33, 624),
(112, 356),
(207, 538),
(139, 505),
(22, 642),
(206, 316),
(238, 425),
(182, 640),
(305, 545),
(206, 474),
(241, 325),
(198, 69),
(92, 214),
(360, 427),
(279, 604),
(35, 454),
(168, 631),
(329, 207),
(23, 591),
(178, 564),
(328, 147),
(8, 221),
(134, 74),
(247, 274),
(245, 504),
(388, 674),
(302, 695),
(1, 540),
(169, 411),
(54, 391),
(278, 8),
(108, 547),
(12, 469),
(176, 209),
(174, 82),
(330, 315),
(168, 386),
(251, 587),
(107, 695),
(95, 449),
(386, 649),
(32, 153),
(292, 260),
(267, 179),
(216, 346),
(390, 109),
(187, 423),
(135, 223),
(329, 265),
(261, 633),
(371, 330),
(168, 347),
(142, 618),
(137, 104),
(198, 469),
(156, 207),
(395, 147),
(225, 499),
(129, 524),
(34, 247),
(6, 630),
(342, 371),
(72, 142),
(89, 475),
(305, 6),
(271, 583),
(380, 244),
(135, 568),
(284, 190),
(263, 456),
(218, 614),
(376, 531),
(200, 3),
(241, 411),
(249, 176),
(106, 375),
(49, 6),
(209, 154),
(306, 322),
(223, 449),
(8, 260),
(77, 222),
(356, 306),
(30, 527),
(93, 591),
(277, 346),
(237, 423),
(311, 475),
(259, 136),
(102, 486),
(347, 459),
(157, 482),
(37, 357),
(138, 95),
(375, 666),
(9, 195),
(225, 316),
(90, 305),
(326, 100),
(158, 182),
(303, 171),
(249, 355),
(199, 188),
(243, 430),
(64, 70),
(112, 320),
(9, 111),
(32, 442),
(77, 105),
(99, 180),
(214, 150),
(304, 226),
(303, 453),
(154, 355),
(388, 318),
(34, 570),
(147, 12),
(364, 695),
(230, 283),
(110, 277),
(275, 650),
(104, 330),
(273, 640),
(111, 425),
(196, 380),
(369, 118),
(23, 252),
(50, 120),
(248, 661),
(189, 476),
(318, 480),
(257, 464),
(312, 510),
(146, 167),
(235, 460),
(369, 64),
(119, 383),
(32, 5),
(322, 605),
(79, 446),
(106, 3),
(157, 168),
(330, 547),
(35, 188),
(91, 677),
(99, 656),
(309, 374),
(205, 67),
(296, 658),
(39, 535),
(94, 220),
(12, 397),
(233, 585),
(395, 109),
(281, 345),
(12, 175),
(17, 98),
(8, 359),
(99, 242),
(52, 229),
(356, 390),
(296, 34),
(170, 486),
(39, 191),
(334, 295),
(305, 478),
(15, 566),
(98, 5),
(344, 186),
(51, 280),
(183, 548),
(394, 456),
(89, 480),
(252, 370),
(82, 625),
(130, 430),
(70, 114),
(350, 415),
(116, 279),
(274, 372),
(390, 163),
(322, 424),
(43, 464),
(235, 350),
(144, 445),
(283, 188),
(244, 486),
(250, 618),
(274, 132),
(393, 408),
(281, 41),
(108, 411),
(17, 334),
(6, 130),
(381, 270),
(222, 189),
(110, 295),
(190, 552),
(47, 425),
(252, 452),
(220, 177),
(117, 193),
(149, 554),
(107, 598),
(368, 427),
(141, 572),
(74, 624),
(293, 669),
(95, 683),
(130, 662),
(172, 11),
(39, 143),
(126, 238),
(32, 253),
(230, 342),
(119, 424),
(244, 495),
(237, 140),
(276, 592),
(67, 159),
(75, 134),
(121, 134),
(98, 258),
(306, 100),
(219, 227),
(399, 479),
(172, 488),
(49, 140),
(14, 330),
(28, 378),
(12, 14),
(24, 164),
(46, 362),
(20, 692),
(379, 278),
(212, 530),
(119, 637),
(142, 539),
(4, 307),
(275, 665),
(26, 392),
(200, 433),
(28, 227),
(226, 524),
(186, 425),
(123, 443),
(264, 582),
(198, 158),
(325, 681),
(288, 688),
(216, 225),
(175, 661),
(112, 621),
(333, 80),
(91, 562),
(70, 217),
(229, 130),
(209, 564),
(341, 437),
(197, 401),
(305, 72),
(279, 682),
(389, 590),
(69, 596),
(304, 612),
(31, 406),
(82, 164),
(57, 399),
(372, 630),
(210, 113),
(271, 235),
(372, 681),
(171, 223),
(116, 668),
(348, 647),
(155, 565),
(230, 649),
(318, 654),
(115, 399),
(249, 3),
(123, 79),
(298, 433),
(55, 664),
(263, 209),
(233, 359),
(373, 250),
(155, 326),
(232, 117),
(142, 685),
(391, 301),
(265, 54),
(66, 635),
(211, 388),
(349, 263),
(135, 658),
(123, 296),
(375, 458),
(196, 1),
(171, 699),
(185, 567),
(112, 436),
(364, 527),
(90, 643),
(351, 620),
(345, 587),
(100, 2),
(400, 103),
(64, 269),
(165, 145),
(367, 350),
(246, 201),
(344, 478),
(362, 433),
(147, 303),
(111, 405),
(242, 399),
(211, 645),
(269, 389),
(153, 260),
(13, 129),
(117, 484),
(97, 139),
(23, 461),
(73, 592),
(104, 19),
(253, 204),
(355, 257),
(10, 553),
(272, 342),
(211, 591),
(333, 254),
(77, 203),
(18, 54),
(128, 588),
(24, 8),
(23, 391),
(163, 97),
(116, 569),
(148, 581),
(268, 679),
(349, 415),
(384, 75),
(128, 117),
(267, 655),
(71, 37),
(193, 6),
(80, 325),
(199, 465),
(372, 458),
(222, 110),
(81, 251),
(363, 660),
(331, 75),
(86, 138),
(383, 300),
(350, 468),
(115, 489),
(188, 284),
(141, 264),
(111, 216),
(181, 246),
(71, 684),
(114, 593),
(356, 141),
(217, 263),
(399, 533),
(286, 109),
(87, 255),
(153, 449),
(119, 433),
(324, 235),
(45, 32),
(172, 495),
(174, 68),
(352, 132),
(8, 577),
(241, 505),
(83, 355),
(400, 69),
(355, 101),
(86, 17),
(66, 454),
(115, 140),
(307, 443),
(13, 195),
(180, 41),
(37, 492),
(94, 551),
(303, 656),
(63, 448),
(147, 57),
(36, 592),
(234, 510),
(221, 378),
(58, 388),
(116, 359),
(382, 334),
(21, 274),
(42, 665),
(59, 265),
(198, 574),
(92, 29),
(179, 517),
(315, 39),
(123, 435),
(393, 533),
(134, 502),
(209, 479),
(80, 533),
(338, 454),
(20, 511),
(130, 231),
(232, 276),
(93, 300),
(156, 600),
(278, 80),
(379, 636),
(146, 419),
(156, 388),
(331, 310),
(223, 377),
(280, 284),
(35, 279),
(152, 636),
(146, 255),
(262, 256),
(92, 622),
(1, 256),
(62, 157),
(221, 529),
(239, 350),
(119, 630),
(232, 55),
(240, 616),
(55, 681),
(55, 438),
(4, 445),
(221, 678),
(280, 194),
(356, 694),
(34, 267),
(157, 202),
(39, 161),
(238, 657),
(128, 587),
(348, 262),
(21, 613),
(160, 272),
(207, 211),
(394, 475),
(217, 334),
(213, 74),
(310, 444),
(379, 100),
(158, 227),
(73, 303),
(312, 565),
(80, 175),
(34, 455),
(191, 261),
(102, 240),
(196, 29),
(198, 539),
(6, 413),
(40, 200),
(241, 520),
(226, 104),
(370, 352),
(313, 644),
(245, 217),
(156, 318),
(67, 608),
(95, 644),
(317, 529),
(358, 159),
(198, 411),
(383, 641),
(151, 210),
(380, 402),
(35, 37),
(296, 589),
(66, 43),
(59, 294),
(158, 49),
(325, 603),
(92, 5),
(380, 476),
(253, 283),
(222, 75),
(257, 140),
(150, 451),
(253, 698),
(174, 108),
(116, 571),
(127, 319),
(64, 127),
(359, 250),
(308, 73),
(104, 118),
(361, 250),
(187, 590),
(203, 63),
(242, 201),
(312, 543),
(221, 387),
(109, 253),
(194, 509),
(161, 340),
(320, 298),
(275, 579),
(218, 640),
(227, 425),
(326, 418),
(399, 572),
(245, 531),
(172, 14),
(6, 151),
(107, 436),
(242, 172),
(50, 368),
(269, 233),
(183, 261),
(325, 160),
(183, 613),
(368, 67),
(367, 141),
(133, 353),
(236, 405),
(74, 107),
(327, 681),
(150, 314),
(69, 411),
(362, 52),
(368, 388),
(127, 244),
(347, 120),
(321, 331),
(306, 394),
(191, 392),
(1, 280),
(79, 461),
(391, 476),
(357, 675),
(192, 261),
(318, 548),
(216, 325),
(286, 315),
(185, 667),
(86, 637),
(128, 309),
(93, 159),
(323, 500),
(210, 111),
(218, 347),
(313, 691),
(296, 614),
(184, 288),
(58, 209),
(189, 374),
(331, 329),
(341, 60),
(197, 498),
(46, 195),
(8, 620),
(289, 512),
(57, 224),
(286, 476),
(122, 685),
(36, 478),
(325, 494),
(46, 369),
(322, 549),
(335, 363),
(183, 549),
(184, 625),
(269, 177),
(338, 692),
(253, 384);

--
-- Inserting data into table arma
--
INSERT INTO arma(id, tipo, id_vulnerabilidad) VALUES
(1, 'otros', 1),
(2, 'otros', 2),
(3, 'contundente', 3),
(4, 'proyectiles', 4),
(5, 'fuego', 5),
(6, 'fuego', 6),
(7, 'contundente', 7),
(8, 'proyectiles', 8),
(9, 'proyectiles', 9),
(10, 'otros', 10),
(11, 'filo', 11),
(12, 'contundente', 12),
(13, 'proyectiles', 13),
(14, NULL, 14),
(15, 'proyectiles', 15),
(16, 'otros', 16),
(17, 'proyectiles', 17),
(18, 'proyectiles', 18),
(19, 'proyectiles', 19),
(20, 'otros', 20),
(21, 'otros', 21),
(22, 'filo', 22),
(23, 'otros', 23),
(24, 'contundente', 24),
(25, 'proyectiles', 25),
(26, 'fuego', 26),
(27, 'fuego', 27),
(28, 'filo', 28),
(29, 'filo', 29),
(30, 'contundente', 30),
(31, 'filo', 31),
(32, 'contundente', 32),
(33, 'proyectiles', 33),
(34, NULL, 34),
(35, 'otros', 35),
(36, 'fuego', 36),
(37, 'fuego', 37),
(38, 'otros', 38),
(39, 'filo', 39),
(40, 'fuego', 40),
(41, 'fuego', 41),
(42, 'filo', 42),
(43, 'contundente', 43),
(44, 'otros', 44),
(45, 'proyectiles', 45),
(46, 'contundente', 46),
(47, 'fuego', 47),
(48, 'filo', 48),
(49, 'contundente', 49),
(50, 'proyectiles', 50),
(51, 'proyectiles', 51),
(52, 'otros', 52),
(53, 'otros', 53),
(54, 'proyectiles', 54),
(55, NULL, 55),
(56, 'proyectiles', 56),
(57, 'filo', 57),
(58, NULL, 58),
(59, NULL, 59),
(60, NULL, 60);

--
-- Inserting data into table ingrediente_hechizo
--
INSERT INTO ingrediente_hechizo(id_ingrediente, id_hechizo) VALUES
(18, 85),
(101, 92),
(96, 93),
(111, 66),
(37, 32),
(56, 18),
(120, 115),
(170, 45),
(172, 41),
(32, 31),
(110, 75),
(166, 105),
(106, 95),
(135, 52),
(167, 112),
(113, 113),
(93, 29),
(108, 22),
(178, 35),
(34, 9),
(126, 92),
(95, 63),
(65, 88),
(45, 28),
(160, 2),
(94, 95),
(6, 35),
(84, 85),
(78, 97),
(125, 26),
(120, 62),
(11, 119),
(8, 69),
(158, 79),
(126, 76),
(178, 119),
(5, 9),
(170, 110),
(118, 16),
(6, 4),
(154, 119),
(26, 21),
(192, 86),
(133, 44),
(157, 34),
(168, 56),
(105, 25),
(34, 65),
(162, 96),
(99, 76),
(122, 11),
(60, 79),
(93, 111),
(79, 57),
(64, 37),
(73, 70),
(51, 8),
(142, 3),
(41, 58),
(14, 113),
(167, 61),
(116, 113),
(143, 43),
(155, 43),
(55, 97),
(84, 32),
(158, 85),
(23, 112),
(195, 83),
(97, 96),
(164, 109),
(3, 53),
(186, 71),
(159, 120),
(57, 105),
(9, 43),
(173, 29),
(168, 68),
(94, 110),
(76, 73),
(128, 120),
(194, 105),
(112, 76),
(59, 114),
(45, 67),
(34, 25),
(50, 82),
(103, 110),
(164, 98),
(110, 119),
(87, 13),
(189, 29),
(110, 65),
(19, 25),
(88, 70),
(120, 6),
(33, 53),
(75, 82),
(47, 61),
(126, 16),
(121, 31),
(92, 45),
(24, 100),
(50, 12),
(159, 13),
(93, 77),
(116, 101),
(28, 79),
(166, 23),
(35, 63),
(124, 72),
(35, 104),
(145, 12),
(101, 67),
(60, 37),
(174, 3),
(27, 26),
(74, 45),
(43, 79),
(103, 7),
(117, 27),
(54, 39),
(32, 118),
(72, 7),
(59, 113),
(7, 17),
(116, 10),
(142, 10),
(118, 50),
(145, 44),
(175, 40),
(149, 37),
(200, 58),
(64, 34),
(145, 56),
(27, 85),
(162, 62),
(193, 12),
(144, 115),
(79, 49),
(184, 64),
(198, 106),
(43, 38),
(98, 13),
(71, 98),
(11, 80),
(4, 51),
(65, 105),
(155, 76),
(178, 55),
(183, 70),
(68, 50),
(196, 62),
(31, 67),
(114, 6),
(116, 110),
(145, 105),
(20, 2),
(70, 34),
(96, 97),
(139, 55),
(165, 14),
(190, 38),
(32, 22),
(131, 114),
(63, 28),
(177, 49),
(99, 114),
(108, 24),
(84, 9),
(102, 57),
(61, 64),
(64, 72),
(194, 113),
(5, 35),
(146, 21),
(11, 30),
(187, 6),
(196, 67),
(4, 80),
(172, 97),
(135, 9),
(142, 101),
(101, 52),
(140, 89),
(121, 61),
(57, 43),
(75, 110),
(132, 118),
(36, 30),
(137, 76),
(163, 50),
(98, 104),
(102, 100),
(153, 18),
(185, 75),
(159, 59),
(36, 86),
(142, 77),
(122, 116),
(103, 113),
(51, 85),
(173, 58),
(102, 7),
(5, 10),
(168, 77),
(185, 21),
(46, 48),
(75, 49),
(47, 104),
(151, 79),
(101, 58),
(30, 47),
(150, 48),
(6, 2),
(84, 23),
(148, 90),
(175, 2),
(194, 36),
(6, 39),
(61, 116),
(130, 94),
(57, 89),
(160, 88),
(77, 88),
(27, 113),
(100, 42),
(128, 52),
(166, 97),
(137, 5),
(19, 35),
(97, 67),
(60, 5),
(102, 1),
(109, 70),
(184, 65),
(78, 79),
(105, 75),
(181, 6),
(165, 2),
(73, 45),
(2, 17),
(177, 29),
(156, 76),
(11, 75),
(61, 37),
(99, 119),
(3, 44),
(1, 35),
(11, 66),
(98, 106),
(172, 75),
(35, 78),
(168, 69),
(104, 55),
(153, 89),
(21, 115),
(198, 11),
(62, 78),
(21, 17),
(59, 20),
(86, 34),
(80, 64),
(3, 64),
(52, 74),
(24, 54),
(164, 117),
(120, 69),
(26, 33),
(41, 111),
(35, 75),
(159, 19),
(186, 120),
(111, 108),
(101, 54),
(114, 94),
(90, 68),
(194, 57),
(196, 100),
(149, 73),
(111, 70),
(82, 119),
(53, 101),
(36, 43),
(42, 36),
(63, 13),
(56, 102),
(128, 74),
(17, 62),
(144, 16),
(72, 69),
(51, 43),
(102, 114),
(119, 66),
(155, 55),
(32, 5),
(70, 41),
(19, 72),
(169, 39),
(195, 4),
(113, 96),
(145, 17),
(170, 40),
(3, 86),
(79, 30),
(80, 99),
(116, 3),
(96, 48),
(1, 1),
(176, 103),
(42, 38),
(137, 44),
(123, 111),
(152, 120),
(125, 79),
(122, 28),
(17, 95),
(152, 5),
(22, 52),
(75, 16),
(48, 71),
(177, 71),
(45, 98),
(172, 117),
(131, 77),
(153, 102),
(40, 110),
(50, 31),
(105, 56),
(169, 102),
(117, 98),
(39, 78),
(124, 19),
(53, 120),
(91, 23),
(169, 10),
(117, 23),
(73, 117),
(193, 114),
(36, 35),
(125, 59),
(50, 45),
(84, 44),
(68, 45),
(36, 105),
(63, 46),
(153, 55),
(141, 24),
(29, 84),
(195, 17),
(133, 71),
(17, 89),
(93, 104),
(177, 113),
(150, 95),
(10, 86),
(182, 79),
(169, 110),
(151, 29),
(83, 85),
(96, 70),
(93, 83),
(167, 27),
(139, 83),
(74, 44),
(146, 105),
(42, 31),
(62, 64),
(68, 120),
(189, 105),
(45, 38),
(173, 7),
(174, 28),
(159, 30),
(185, 49),
(172, 31),
(126, 73),
(131, 61),
(167, 116),
(155, 111),
(129, 30),
(21, 81),
(20, 5),
(135, 96),
(5, 38),
(44, 51),
(101, 12),
(140, 15),
(20, 94),
(112, 110),
(174, 57),
(124, 22),
(22, 76),
(24, 47),
(194, 97),
(33, 43),
(37, 107),
(73, 51),
(90, 10),
(23, 92),
(62, 58),
(38, 17),
(168, 21),
(134, 111),
(22, 40),
(3, 84),
(112, 64),
(148, 104),
(66, 73),
(1, 73),
(15, 33),
(29, 23),
(34, 71),
(89, 111),
(167, 100),
(125, 12),
(199, 51),
(34, 48),
(183, 6),
(21, 75),
(22, 31),
(122, 68),
(130, 76),
(154, 26),
(46, 57),
(82, 65),
(51, 15),
(23, 46),
(151, 42),
(137, 52),
(188, 59),
(88, 93),
(180, 12),
(162, 114),
(11, 34),
(94, 67),
(186, 46),
(81, 20),
(71, 24),
(145, 85),
(22, 65),
(99, 36),
(132, 27),
(141, 23),
(11, 19),
(136, 92),
(179, 48),
(12, 37),
(35, 72),
(76, 41),
(171, 109),
(83, 19),
(184, 55),
(97, 101),
(176, 101),
(93, 56),
(108, 21),
(140, 38),
(6, 61),
(110, 34),
(119, 18),
(136, 46),
(157, 33),
(82, 38),
(196, 109),
(114, 39),
(68, 52),
(120, 89),
(46, 99),
(161, 118),
(194, 80),
(9, 49),
(47, 98),
(113, 76),
(196, 104),
(35, 61),
(6, 82),
(149, 12),
(119, 20),
(7, 19),
(183, 2),
(152, 54),
(161, 14),
(80, 49),
(33, 98),
(9, 31),
(134, 21),
(28, 46),
(27, 13),
(11, 67),
(57, 94),
(25, 49),
(65, 110),
(54, 86),
(4, 110),
(123, 95),
(18, 117),
(149, 43),
(20, 26),
(137, 115),
(187, 79),
(52, 114),
(49, 77),
(1, 82),
(168, 109),
(81, 64),
(48, 23),
(96, 60),
(10, 17),
(10, 87),
(120, 51),
(69, 89),
(179, 33),
(121, 70),
(59, 98),
(158, 74),
(58, 15),
(56, 4),
(64, 75),
(160, 71),
(144, 10),
(178, 14),
(135, 51),
(36, 15),
(185, 79),
(12, 84),
(164, 34),
(84, 116),
(136, 63),
(179, 105),
(77, 27),
(72, 4),
(183, 7),
(89, 3),
(139, 112),
(148, 87),
(142, 98),
(55, 72),
(198, 40),
(195, 85),
(22, 69),
(138, 99),
(132, 16),
(68, 21),
(145, 14),
(163, 30),
(110, 3),
(184, 88),
(180, 75),
(165, 106),
(155, 89),
(102, 115),
(112, 30),
(142, 74),
(75, 112),
(97, 80),
(67, 101),
(90, 25),
(20, 3),
(2, 80),
(66, 2),
(81, 113),
(165, 104),
(56, 47),
(69, 66),
(151, 8),
(66, 111),
(81, 119),
(186, 103),
(101, 34),
(40, 112),
(182, 28),
(91, 31),
(124, 20),
(107, 56),
(13, 44),
(31, 57),
(132, 89),
(171, 14),
(10, 72),
(61, 119),
(192, 100),
(59, 105),
(98, 29),
(7, 115),
(146, 5),
(173, 85),
(58, 25),
(26, 16),
(130, 51),
(77, 46),
(85, 82),
(25, 31),
(79, 47),
(141, 46),
(62, 53),
(73, 26),
(106, 98),
(152, 98),
(9, 1),
(3, 78),
(159, 92),
(188, 111),
(7, 32),
(109, 112),
(55, 75),
(117, 67),
(34, 73),
(17, 64),
(69, 34),
(60, 71),
(124, 5),
(152, 76),
(42, 88),
(68, 68),
(121, 37),
(110, 80),
(171, 118),
(26, 27),
(4, 85),
(63, 119),
(169, 45),
(105, 115),
(183, 18),
(13, 9),
(67, 119),
(174, 53),
(105, 68),
(80, 102),
(48, 62),
(22, 8),
(164, 4),
(19, 94),
(80, 24),
(172, 20),
(70, 86),
(175, 16),
(137, 103),
(140, 84),
(75, 88),
(179, 59),
(171, 18),
(185, 100),
(193, 57),
(69, 26),
(64, 98),
(167, 53),
(127, 6),
(79, 113),
(165, 111),
(82, 96),
(150, 59),
(144, 116),
(139, 34),
(7, 7),
(4, 17),
(118, 36),
(64, 104),
(117, 64),
(65, 103),
(139, 32),
(18, 113),
(151, 95),
(29, 31),
(99, 72),
(127, 79),
(70, 87),
(65, 87),
(180, 14),
(11, 118),
(48, 48),
(170, 58),
(137, 112),
(150, 72),
(61, 63),
(129, 39),
(8, 50),
(11, 14),
(161, 93),
(177, 14),
(199, 13),
(82, 16),
(190, 90),
(157, 71),
(71, 61),
(41, 32),
(171, 111),
(194, 81),
(150, 88),
(146, 89),
(129, 3),
(163, 46),
(101, 36),
(11, 4),
(30, 71),
(79, 98),
(32, 114),
(197, 57),
(95, 13),
(66, 61),
(160, 47),
(149, 5),
(82, 97),
(133, 76),
(48, 120),
(182, 94),
(114, 30),
(136, 112),
(97, 93),
(44, 109),
(136, 102),
(45, 30),
(129, 35),
(96, 73),
(105, 66),
(155, 32),
(184, 89),
(3, 52),
(104, 19),
(101, 13),
(65, 39),
(116, 58),
(169, 41),
(64, 100),
(68, 8),
(94, 94),
(32, 60),
(53, 94),
(131, 33),
(89, 34),
(137, 2),
(159, 119),
(141, 95),
(26, 25),
(92, 39),
(160, 82),
(141, 111),
(42, 118),
(104, 87),
(72, 20),
(38, 81),
(140, 85),
(91, 116),
(105, 13),
(198, 51),
(103, 117),
(98, 87),
(158, 2),
(124, 52),
(89, 100),
(94, 57),
(14, 15),
(69, 28),
(190, 6),
(177, 100),
(53, 105),
(103, 2),
(34, 12),
(119, 90),
(37, 7),
(71, 1),
(120, 15),
(20, 83),
(114, 38),
(154, 18),
(172, 102),
(95, 120),
(123, 26),
(38, 32),
(64, 22),
(157, 90),
(13, 28),
(107, 113),
(167, 9),
(5, 95),
(93, 115),
(29, 30),
(172, 104),
(167, 64),
(73, 58),
(171, 19),
(28, 16),
(54, 27),
(91, 105),
(178, 20),
(105, 55),
(10, 7),
(37, 86),
(105, 16),
(174, 61),
(124, 91),
(91, 84),
(38, 56),
(91, 49),
(197, 113),
(164, 84),
(172, 96),
(99, 51),
(20, 31),
(77, 40),
(92, 85),
(141, 35),
(171, 15),
(24, 14),
(176, 87),
(34, 66),
(132, 15),
(5, 51),
(42, 65),
(194, 64),
(185, 101),
(159, 40),
(59, 67),
(92, 33),
(98, 70),
(157, 27),
(17, 65),
(172, 82),
(65, 53),
(5, 30),
(136, 18),
(88, 115),
(49, 67),
(146, 78),
(104, 116),
(1, 54),
(182, 23),
(27, 94),
(64, 109),
(38, 60),
(70, 32),
(143, 53),
(120, 16),
(11, 62),
(6, 9),
(191, 16),
(61, 50),
(31, 88),
(78, 29),
(57, 1),
(75, 64),
(70, 55),
(119, 9),
(119, 115),
(41, 96),
(119, 67),
(2, 21),
(80, 25),
(37, 74),
(42, 94),
(98, 58),
(87, 53),
(11, 114),
(4, 74),
(32, 102),
(184, 78),
(136, 25),
(193, 112),
(49, 21),
(71, 74),
(89, 2),
(165, 31),
(89, 93),
(122, 70),
(123, 72),
(144, 64),
(107, 40),
(183, 36),
(187, 33),
(195, 2),
(126, 13),
(161, 36),
(140, 4),
(9, 95),
(153, 96),
(192, 105),
(42, 74),
(82, 69),
(61, 11),
(186, 67),
(4, 75),
(86, 10),
(137, 62),
(182, 51),
(52, 84),
(115, 105),
(47, 72),
(117, 77),
(50, 11),
(114, 55),
(7, 76),
(162, 33),
(23, 114),
(186, 78),
(20, 93),
(84, 49),
(188, 75),
(184, 9),
(41, 107),
(40, 7),
(165, 16),
(136, 54),
(33, 5),
(20, 19),
(35, 5),
(8, 67),
(43, 97),
(200, 34),
(170, 62),
(4, 33),
(84, 119),
(57, 21),
(31, 58),
(52, 16),
(8, 3),
(17, 14),
(64, 19),
(90, 80),
(163, 64),
(158, 117),
(150, 28),
(71, 79),
(88, 73),
(132, 109),
(161, 112),
(136, 49),
(45, 69),
(38, 33),
(106, 68),
(97, 91),
(35, 77),
(93, 17),
(163, 58),
(187, 77),
(6, 71),
(36, 65),
(114, 104),
(168, 27),
(57, 110),
(161, 106),
(150, 76),
(188, 67),
(4, 53),
(161, 16),
(45, 25),
(77, 93),
(109, 86),
(198, 47),
(124, 30),
(59, 34),
(190, 114),
(35, 3),
(196, 99),
(160, 115),
(102, 99),
(111, 27),
(1, 41),
(3, 27),
(75, 53),
(78, 22),
(158, 6),
(63, 50),
(103, 85),
(128, 47),
(183, 38),
(73, 10),
(136, 89),
(77, 42),
(23, 60),
(95, 32),
(53, 48),
(22, 54),
(5, 75),
(95, 105),
(187, 42),
(171, 54),
(124, 62),
(153, 21),
(53, 100),
(196, 2),
(63, 106),
(150, 84),
(77, 119),
(190, 111),
(79, 24),
(29, 9),
(70, 44),
(162, 49),
(50, 68),
(102, 67),
(116, 84),
(157, 99),
(4, 101),
(191, 45),
(107, 27),
(30, 60),
(87, 45),
(198, 24),
(135, 84),
(115, 35);

--
-- Inserting data into table libro_base
--
INSERT INTO libro_base(id_libro, id_base) VALUES
(35, 33),
(62, 3),
(53, 18),
(56, 24),
(52, 28),
(48, 18),
(5, 33),
(65, 11),
(41, 3),
(41, 31),
(35, 17),
(55, 35),
(35, 22),
(52, 13),
(52, 10),
(63, 12),

(55, 13),
(49, 2),
(22, 13),
(53, 23),
(58, 2),
(28, 22),
(62, 4),
(7, 8),
(45, 5),
(15, 10),
(12, 15),
(16, 35),
(32, 18),
(69, 25),
(69, 16),
(9, 18),

(29, 29),
(49, 11),
(20, 35),
(56, 16),
(32, 30),
(29, 20),
(61, 5),
(16, 4),
(44, 6),
(34, 20),
(16, 12),
(5, 19),
(15, 9),
(6, 35),
(46, 32),
(61, 4),
(69, 21),
(21, 1),
(15, 8),
(47, 31),
(70, 22),
(18, 9),
(33, 18),
(48, 11),
(23, 13),
(1, 23),
(23, 23),
(13, 29),
(33, 17),
(57, 1),
(52, 2),

(49, 3),
(23, 16),
(1, 5),
(10, 28),
(35, 2),
(33, 10),
(29, 12),
(48, 15),
(50, 23),
(53, 25),
(60, 16),
(5, 24),
(6, 32),
(64, 11),
(37, 20),
(5, 6),
(2, 27),
(40, 35),
(18, 3),
(9, 14),
(33, 20),
(29, 4),
(15, 13),
(55, 32),
(70, 3),
(66, 21),
(13, 26),
(2, 31),
(21, 8),
(46, 12),
(2, 29),
(45, 4),
(50, 1),
(12, 32),
(23, 5),
(57, 31),
(1, 14),
(69, 12),
(3, 24),
(23, 24),
(22, 16),
(34, 10),
(52, 31),
(17, 25),
(17, 1),
(3, 31),
(36, 23),
(34, 23),
(39, 26),
(37, 34),
(27, 31),
(29, 9),
(48, 24),
(27, 20),
(53, 31),
(67, 2),
(70, 23),
(10, 32),
(70, 2),
(14, 24),
(40, 15),
(27, 30),
(28, 5),
(34, 17),
(66, 19),
(25, 18),
(62, 22),
(62, 19),
(35, 8),
(29, 23),
(65, 3),
(36, 28),
(38, 5),
(43, 24),
(68, 20),
(30, 26),
(1, 2),
(25, 7),
(66, 17),
(25, 1),
(20, 12),
(20, 26),
(62, 6),
(7, 20),
(56, 28),
(10, 13),
(35, 18),
(2, 23),
(14, 29),
(37, 3),
(35, 9),
(64, 18),
(18, 2),
(12, 7),
(34, 6),
(48, 33),
(29, 18),
(34, 27),
(34, 32),
(69, 29),
(37, 27),
(44, 33),
(42, 20),
(43, 9),
(15, 35),
(51, 32),
(50, 12),
(6, 5),
(17, 31),
(20, 10),
(7, 6),
(49, 27),
(61, 34),
(12, 3),
(39, 19),
(1, 35),
(63, 11),
(30, 2),
(58, 31),
(20, 22),
(6, 33),
(20, 31),
(64, 8),
(50, 34),
(48, 34),
(45, 12),
(69, 32),
(26, 4),
(47, 29),
(6, 2),
(13, 16),
(55, 25),
(48, 17),
(67, 24),
(10, 29),
(47, 11),
(1, 29),
(19, 2),
(59, 31),
(34, 18),
(29, 15),
(28, 9),
(27, 32),
(38, 23),
(2, 14),
(3, 27),
(50, 3),
(42, 9),
(56, 15),
(69, 11),
(36, 13),
(34, 25),
(39, 10),
(38, 33),
(68, 24),
(3, 3),
(12, 23),
(42, 30),
(17, 8),
(45, 14),
(45, 21),
(47, 8),
(55, 23),
(41, 18),
(40, 3),
(45, 17),
(69, 27),
(5, 35),
(56, 27),
(62, 7),
(15, 12),
(57, 25),
(29, 16),
(26, 18),
(45, 30),
(7, 21),
(59, 14),
(14, 2),
(35, 7),
(26, 17),
(56, 32),
(5, 20),
(48, 26),
(59, 6),
(15, 14),
(19, 7),
(15, 7),
(21, 4),
(8, 2),
(27, 21),
(50, 22),
(64, 3),
(64, 13),
(64, 9),
(14, 9),
(14, 17),
(27, 15),
(9, 16),
(53, 21),
(31, 12),
(35, 29),
(9, 8),
(40, 5),
(48, 31),
(44, 21),
(44, 20),
(48, 23),
(27, 22),
(70, 19),
(33, 3),
(40, 32),
(29, 31),
(11, 16),
(13, 21),
(6, 24),
(3, 22),
(2, 2),
(44, 9),
(22, 19),
(6, 30),
(59, 33),
(53, 35),
(54, 35),
(6, 25),
(35, 11),
(15, 15),
(31, 33),
(42, 4),
(19, 5),
(4, 29),
(16, 28),
(17, 20),
(40, 10),
(46, 6),
(10, 15),
(9, 31),
(33, 25),
(68, 19),
(1, 3),
(43, 4),
(38, 12),
(44, 35),
(21, 28),
(60, 13),
(9, 9),
(68, 1),
(5, 2),
(15, 23),
(12, 11),
(56, 4),
(61, 6),
(31, 16),
(4, 26),
(47, 18),
(47, 33),
(42, 34),
(10, 20),
(41, 5),
(56, 14),
(42, 26),
(18, 30),
(28, 26),
(69, 7),
(50, 35),
(13, 7),
(40, 29),
(43, 33),
(27, 26),
(64, 2),
(55, 30),
(59, 12),
(45, 25),
(44, 1),
(25, 13),
(45, 6),
(46, 4),
(65, 34),
(53, 12),
(64, 23),
(7, 23),
(21, 24),
(9, 12),
(24, 23),
(53, 2),
(55, 3),
(36, 21),
(19, 20),
(20, 2),
(19, 3),
(65, 1),
(60, 33),
(63, 18),
(7, 34),
(43, 2),
(44, 28),
(3, 11),
(31, 6),
(54, 10),
(20, 30),
(15, 26),
(8, 22),
(27, 19),
(8, 19),
(10, 2),
(9, 23),
(1, 33),
(31, 24),
(21, 14),
(16, 21);

--
-- Inserting data into table mision_ser
--
INSERT INTO mision_ser(id_ser, id_mision) VALUES
(2, 668),
(95, 132),
(88, 587),
(62, 271),
(101, 553),
(122, 117),
(112, 443),
(72, 557),
(60, 161),
(62, 12),
(133, 121),
(108, 268),
(96, 595),
(101, 109),
(53, 639),
(87, 700),
(74, 92),
(26, 122),
(56, 241),
(55, 327),
(55, 417),
(112, 264),
(35, 666),
(107, 664),
(19, 524),
(105, 74),
(34, 411),
(73, 396),
(104, 1),
(1, 631),
(85, 383),
(20, 312),
(56, 509),
(97, 570),
(102, 230),
(61, 658),
(37, 566),
(52, 624),
(75, 507),
(22, 376),
(79, 18),
(14, 638),
(78, 83),
(20, 674),
(65, 336),
(33, 619),
(85, 291),
(63, 470),
(81, 318),
(87, 173),
(73, 392),
(113, 182),
(43, 615),
(2, 700),
(119, 72),
(28, 416),
(28, 192),
(88, 323),
(49, 424),
(133, 464),
(29, 254),
(99, 454),
(14, 446),
(27, 348),
(41, 194),
(107, 219),
(56, 333),
(47, 16),
(113, 598),
(21, 355),
(14, 299),
(22, 546),
(17, 266),
(16, 396),
(49, 31),
(95, 339),
(59, 586),
(91, 664),
(59, 147),
(51, 282),
(30, 410),
(74, 358),
(60, 153),
(76, 545),
(80, 249),
(108, 219),
(17, 371),
(120, 365),
(129, 63),
(90, 347),
(64, 602),
(42, 139),
(21, 423),
(50, 608),
(85, 525),
(83, 159),
(133, 212),
(81, 528),
(93, 369),
(32, 676),
(41, 211),
(24, 257),
(34, 393),
(35, 261),
(35, 471),
(27, 641),
(22, 240),
(63, 399),
(124, 649),
(124, 224),
(25, 382),
(27, 532),
(81, 580),
(118, 228),
(49, 659),
(79, 161),
(71, 84),
(5, 94),
(90, 205),
(134, 18),
(67, 165),
(33, 272),
(40, 558),
(122, 203),
(105, 62),
(66, 456),
(113, 515),
(21, 41),
(79, 414),
(108, 577),
(105, 400),
(35, 549),
(131, 164),
(40, 402),
(58, 148),
(10, 119),
(62, 593),
(31, 139),
(3, 480),
(99, 527),
(130, 265),
(19, 467),
(97, 352),
(76, 161),
(55, 338),
(101, 108),
(111, 656),
(62, 248),
(74, 635),
(89, 201),
(24, 87),
(99, 421),
(113, 101),
(96, 330),
(121, 77),
(16, 525),
(3, 397),
(1, 210),
(30, 697),
(2, 58),
(109, 598),
(23, 246),
(116, 426),
(5, 361),
(106, 523),
(113, 273),
(74, 19),
(34, 41),
(73, 297),
(21, 444),
(132, 405),
(68, 127),
(1, 230),
(21, 312),
(70, 278),
(83, 88),
(32, 129),
(101, 299),
(85, 28),
(59, 649),
(52, 288),
(81, 400),
(76, 69),
(61, 401),
(1, 218),
(121, 454),
(50, 329),
(34, 91),
(51, 212),
(43, 408),
(33, 30),
(107, 514),
(61, 120),
(35, 417),
(29, 389),
(2, 486),
(77, 272),
(97, 99),
(93, 219),
(37, 141),
(23, 373),
(96, 612),
(103, 598),
(125, 118),
(125, 534),
(73, 444),
(115, 38),
(91, 602),
(55, 22),
(82, 60),
(17, 223),
(68, 351),
(14, 247),
(5, 474),
(59, 165),
(120, 327),
(1, 573),
(6, 57),
(44, 340),
(111, 240),
(93, 442),
(73, 401),
(3, 39),
(69, 202),
(122, 577),
(41, 97),
(54, 478),
(18, 28),
(11, 266),
(80, 190),
(58, 200),
(117, 343),
(118, 235),
(30, 5),
(119, 630),
(62, 561),
(38, 297),
(39, 319),
(25, 150),
(55, 468),
(12, 524),
(37, 46),
(2, 312),
(90, 18),
(73, 360),
(117, 375),
(8, 21),
(85, 511),
(75, 106),
(3, 163),
(118, 236),
(111, 290),
(51, 518),
(102, 252),
(41, 392),
(58, 84),
(129, 576),
(122, 602),
(48, 177),
(41, 231),
(98, 3),
(97, 186),
(54, 292),
(56, 216),
(37, 699),
(78, 563),
(129, 578),
(56, 77),
(19, 491),
(126, 220),
(48, 502),
(80, 448),
(89, 45),
(30, 375),
(66, 400),
(43, 401),
(94, 494),
(19, 518),
(128, 608),
(42, 186),
(69, 580),
(51, 390),
(79, 407),
(111, 52),
(69, 113),
(97, 269),
(122, 672),
(56, 144),
(114, 660),
(38, 10),
(25, 694),
(60, 34),
(79, 632),
(131, 479),
(43, 405),
(72, 183),
(11, 162),
(11, 380),
(23, 487),
(53, 29),
(24, 623),
(92, 70),
(17, 665),
(37, 211),
(68, 191),
(125, 456),
(5, 650),
(108, 124),
(19, 280),
(41, 269),
(29, 80),
(19, 71),
(44, 659),
(46, 332),
(121, 684),
(75, 467),
(52, 192),
(90, 689),
(102, 538),
(9, 246),
(118, 365),
(49, 181),
(70, 324),
(123, 50),
(104, 559),
(8, 317),
(29, 363),
(18, 22),
(23, 364),
(50, 175),
(50, 465),
(101, 118),
(55, 68),
(106, 537),
(111, 285),
(48, 609),
(1, 315),
(47, 66),
(14, 191),
(34, 89),
(61, 171),
(5, 509),
(57, 511),
(15, 18),
(121, 628),
(105, 413),
(15, 406),
(49, 602),
(67, 309),
(105, 552),
(10, 43),
(111, 697),
(74, 447),
(119, 253),
(22, 584),
(131, 411),
(1, 118),
(11, 358),
(20, 301),
(88, 434),
(123, 272),
(38, 644),
(88, 148),
(70, 412),
(126, 33),
(32, 391),
(94, 204),
(23, 446),
(13, 325),
(87, 589),
(40, 12),
(4, 556),
(35, 175),
(130, 440),
(89, 561),
(40, 372),
(126, 429),
(76, 99),
(121, 385),
(73, 292),
(84, 655),
(115, 497),
(9, 550),
(21, 193),
(112, 613),
(6, 457),
(48, 375),
(110, 587),
(27, 631),
(49, 525),
(49, 563),
(105, 339),
(82, 184),
(89, 170),
(110, 289),
(18, 404),
(40, 61),
(107, 511),
(101, 409),
(90, 441),
(25, 189),
(46, 36),
(54, 531),
(102, 327),
(44, 209),
(46, 563),
(46, 699),
(106, 560),
(85, 675),
(22, 472),
(30, 607),
(125, 73),
(45, 130),
(97, 107),
(36, 630),
(71, 142),
(89, 454),
(49, 26),
(133, 148),
(123, 626),
(62, 324),
(54, 69),
(13, 143),
(7, 35),
(39, 192),
(9, 95),
(4, 472),
(27, 443),
(88, 496),
(1, 329),
(86, 515),
(9, 100),
(79, 183),
(21, 313),
(38, 424),
(98, 306),
(50, 166),
(5, 4),
(83, 247),
(127, 113),
(9, 140),
(119, 194),
(70, 198),
(36, 633),
(8, 598),
(127, 87),
(80, 687),
(72, 303),
(94, 329),
(124, 461),
(50, 656),
(1, 139),
(95, 376),
(52, 88),
(50, 457),
(126, 413),
(90, 323),
(27, 658),
(107, 350),
(129, 467),
(58, 567),
(14, 6),
(128, 319),
(113, 644),
(37, 575),
(13, 484),
(18, 282),
(122, 433),
(71, 328),
(112, 685),
(83, 586),
(21, 563),
(53, 250),
(130, 625),
(36, 86),
(30, 98),
(45, 240),
(82, 123),
(65, 676),
(108, 681),
(1, 330),
(70, 134),
(15, 450),
(6, 456),
(130, 500),
(2, 266),
(120, 393),
(26, 560),
(38, 279),
(98, 349),
(73, 495),
(5, 521),
(96, 376),
(55, 33),
(95, 661),
(71, 617),
(76, 607),
(69, 77),
(37, 417),
(5, 330),
(85, 408),
(134, 408),
(45, 365),
(6, 423),
(116, 41),
(74, 579),
(31, 364),
(115, 560),
(120, 605),
(6, 302),
(41, 88),
(49, 390),
(26, 664),
(22, 597),
(106, 355),
(86, 481),
(54, 270),
(75, 539),
(130, 431),
(102, 530),
(19, 438),
(2, 203),
(18, 64),
(126, 421),
(50, 36),
(8, 80),
(78, 448),
(91, 577),
(109, 620),
(108, 528),
(106, 425),
(99, 55),
(115, 699),
(22, 333),
(77, 566),
(61, 698),
(50, 96),
(3, 181),
(133, 595),
(115, 677),
(134, 225),
(83, 4),
(27, 665),
(97, 444),
(35, 18),
(101, 174),
(94, 473),
(111, 415),
(115, 387),
(127, 76),
(94, 330),
(35, 294),
(1, 272),
(30, 424),
(106, 669),
(32, 229),
(4, 263),
(32, 37),
(125, 264),
(41, 267),
(101, 135),
(115, 466),
(2, 114),
(58, 390),
(103, 260),
(98, 438),
(130, 307),
(28, 247),
(120, 650),
(114, 518),
(71, 454),
(8, 188),
(50, 360),
(48, 68),
(134, 145),
(56, 1),
(123, 401),
(6, 435),
(26, 164),
(23, 579),
(33, 502),
(25, 261),
(44, 448),
(24, 445),
(96, 28),
(3, 59),
(98, 39),
(48, 66),
(7, 495),
(38, 464),
(92, 555),
(33, 652),
(121, 56),
(65, 557),
(134, 443),
(99, 321),
(120, 656),
(22, 274),
(81, 664),
(17, 350),
(91, 342),
(63, 252),
(80, 179),
(105, 372),
(5, 460),
(66, 430),
(42, 306),
(98, 649),
(82, 161),
(7, 56),
(34, 551),
(26, 113),
(76, 580),
(26, 592),
(131, 665),
(69, 455),
(14, 364),
(55, 209),
(61, 540),
(69, 428),
(107, 482),
(86, 159),
(81, 327),
(111, 151),
(88, 367),
(33, 378),
(85, 440),
(89, 525),
(35, 422),
(91, 38),
(28, 624),
(50, 148),
(13, 303),
(18, 281),
(14, 58),
(88, 529),
(20, 254),
(106, 639),
(133, 664),
(111, 678),
(75, 463),
(52, 85),
(10, 56),
(129, 511),
(24, 103),
(40, 240),
(78, 291),
(54, 48),
(100, 502),
(118, 480),
(89, 662),
(30, 490),
(15, 558),
(32, 251),
(26, 304),
(38, 14),
(9, 457),
(46, 33),
(94, 103),
(131, 7),
(112, 534),
(66, 642),
(76, 20),
(3, 288),
(32, 387),
(98, 326),
(69, 407),
(130, 388),
(29, 13),
(51, 32),
(92, 20),
(80, 296),
(90, 403),
(33, 546),
(80, 633),
(131, 654),
(90, 582),
(55, 526),
(46, 515),
(125, 133),
(20, 378),
(61, 610),
(92, 122),
(19, 333),
(85, 558),
(132, 571),
(96, 170),
(92, 62),
(132, 577),
(74, 442),
(88, 357),
(67, 294),
(132, 426),
(71, 491),
(51, 8),
(18, 603),
(90, 62),
(61, 169),
(60, 316),
(4, 61),
(102, 66),
(48, 330),
(11, 566),
(54, 433),
(36, 694),
(68, 610),
(91, 463),
(33, 118),
(44, 595),
(113, 183),
(5, 617),
(4, 473),
(30, 266),
(41, 466),
(4, 697),
(112, 383),
(102, 429),
(26, 197),
(98, 363),
(108, 491),
(108, 429),
(39, 191),
(73, 480),
(129, 561),
(51, 639),
(119, 537),
(24, 638),
(10, 344),
(22, 698),
(127, 1),
(120, 335),
(131, 683),
(57, 478),
(101, 292),
(82, 171),
(20, 404),
(117, 319),
(79, 89),
(102, 65),
(39, 214),
(101, 684),
(49, 652),
(88, 629),
(2, 539),
(51, 5),
(107, 335),
(18, 109),
(60, 642),
(95, 682),
(125, 330),
(60, 465),
(127, 638),
(22, 18),
(24, 130),
(52, 3),
(34, 670),
(41, 689),
(26, 241),
(7, 586),
(19, 292),
(60, 218),
(84, 189),
(34, 211),
(25, 497),
(27, 700),
(43, 304),
(106, 577),
(13, 560),
(82, 362),
(36, 124),
(47, 583),
(63, 22),
(95, 693),
(109, 422),
(42, 178),
(83, 61),
(88, 404),
(17, 437),
(29, 313),
(52, 551),
(101, 336),
(10, 204),
(61, 30),
(30, 283),
(36, 568),
(23, 357),
(107, 562),
(72, 590),
(74, 469),
(19, 172),
(34, 479),
(57, 184),
(82, 9),
(112, 52),
(72, 616),
(5, 571),
(16, 343),
(110, 113),
(58, 85),
(21, 211),
(126, 578),
(119, 217),
(23, 105),
(72, 224),
(28, 139),
(116, 349),
(74, 604),
(38, 382),
(70, 443),
(101, 343),
(30, 300),
(113, 437),
(111, 291),
(6, 565),
(75, 599),
(126, 8),
(10, 589),
(57, 538),
(123, 171),
(129, 134),
(100, 14),
(97, 696),
(5, 177),
(61, 533),
(116, 688),
(82, 479),
(112, 669),
(9, 639),
(38, 207),
(62, 541),
(125, 239),
(21, 163),
(51, 78),
(75, 487),
(80, 381),
(104, 689),
(27, 161),
(100, 138),
(9, 129),
(30, 608),
(85, 369),
(94, 254),
(90, 628),
(113, 665),
(32, 109),
(130, 72),
(116, 51),
(9, 681),
(108, 496),
(22, 184),
(75, 695),
(117, 303),
(120, 7),
(20, 656),
(61, 249),
(10, 258),
(86, 685),
(73, 48),
(97, 445),
(13, 320),
(45, 635),
(13, 283),
(125, 347),
(114, 700),
(62, 295),
(54, 237),
(97, 665),
(107, 368),
(118, 417),
(105, 357),
(72, 230),
(66, 686),
(113, 508),
(100, 690),
(127, 36),
(63, 467),
(82, 601),
(88, 514),
(49, 196),
(60, 523),
(19, 609),
(56, 247),
(44, 698),
(120, 276),
(12, 661),
(53, 225),
(128, 489),
(31, 523),
(91, 191),
(29, 493),
(99, 245),
(32, 234),
(112, 324),
(20, 322),
(102, 403),
(57, 408),
(80, 603),
(97, 355),
(39, 109),
(29, 640),
(134, 41),
(113, 283),
(69, 567),
(34, 572),
(28, 309),
(106, 53),
(118, 3),
(27, 293),
(73, 280),
(104, 557),
(95, 584),
(134, 316),
(106, 610),
(38, 556),
(84, 417),
(94, 290),
(63, 478),
(2, 44),
(116, 547),
(115, 331),
(83, 72),
(18, 311),
(5, 151),
(109, 187),
(102, 141),
(39, 184),
(114, 288),
(93, 328),
(55, 557),
(52, 272),
(84, 678),
(19, 459),
(13, 429),
(31, 267),
(96, 60),
(132, 443),
(12, 98),
(81, 209),
(4, 11),
(110, 88),
(50, 172),
(127, 373),
(44, 558),
(64, 467),
(60, 144),
(67, 3),
(94, 199),
(36, 342),
(132, 603),
(20, 519),
(79, 484),
(12, 104),
(109, 356),
(86, 695),
(122, 145),
(29, 653),
(10, 417),
(131, 155),
(107, 437),
(19, 96),
(8, 474),
(8, 181),
(130, 667),
(47, 656),
(10, 176),
(41, 66),
(71, 622),
(6, 16),
(41, 130),
(88, 305),
(59, 304),
(32, 20),
(44, 392),
(95, 679),
(85, 482),
(61, 441),
(11, 177),
(39, 105),
(54, 29),
(33, 467),
(62, 155),
(8, 486),
(21, 283),
(67, 174),
(71, 492),
(4, 390),
(27, 406),
(20, 605),
(8, 205),
(131, 564),
(31, 417),
(81, 659),
(67, 232),
(130, 674),
(3, 427),
(83, 273),
(34, 487),
(115, 18),
(125, 86),
(107, 69);

--
-- Inserting data into table sustancia
--
INSERT INTO sustancia(id, id_vulnerabilidad) VALUES
(1, 61),
(2, 62),
(3, 63),
(4, 64),
(5, 65),
(6, 66),
(7, 67),
(8, 68),
(9, 69),
(10, 70),
(11, 71),
(12, 72),
(13, 73),
(14, 74),
(15, 75),
(16, 76),
(17, 77),
(18, 78),
(19, 79),
(20, 80);

--
-- Inserting data into table vulnerabilidad_especie
--
INSERT INTO vulnerabilidad_especie(id_vulnerabilidad, id_especie) VALUES
(12, 16),
(34, 1),
(169, 10),
(148, 4),
(66, 12),
(30, 3),
(133, 16),
(95, 18),
(112, 17),
(197, 20),
(62, 11),
(56, 7),
(71, 20),
(19, 8),
(137, 15),
(16, 20),
(20, 12),
(124, 18),
(104, 12),
(42, 12),
(104, 18),
(113, 18),
(56, 6),
(146, 17),
(84, 11),
(82, 16),
(1, 18),
(149, 17),
(59, 18),
(90, 11),
(42, 4),
(157, 1),
(101, 6),
(111, 11),
(113, 10),
(91, 4),
(183, 6),
(191, 7),
(70, 9),
(177, 20),
(140, 9),
(56, 8),
(73, 10),
(5, 20),
(187, 20),
(22, 9),
(187, 15),
(66, 17),
(85, 15),
(136, 9),
(144, 17),
(165, 7),
(21, 15),
(24, 15),
(138, 11),
(160, 12),
(65, 7),
(35, 20),
(129, 1),
(159, 10),
(129, 15),
(10, 7),
(197, 17),
(69, 1),
(145, 11),
(136, 12),
(186, 9),
(75, 4),
(114, 14),
(43, 10),
(173, 7),
(93, 11),
(36, 9),
(149, 19),
(140, 19),
(96, 10),
(127, 10),
(34, 11),
(48, 4),
(138, 15),
(3, 14),
(120, 18),
(137, 2),
(36, 11),
(153, 16),
(139, 15),
(100, 1),
(136, 11),
(184, 10),
(194, 15),
(39, 16),
(114, 6),
(55, 2),
(16, 14),
(14, 8),
(188, 6),
(152, 20),
(193, 12),
(119, 5),
(191, 9),
(130, 16),
(24, 13),
(193, 10),
(4, 15),
(57, 7),
(164, 8),
(87, 4),
(47, 5),
(36, 5),
(26, 10),
(183, 7),
(176, 9),
(156, 7),
(143, 1),
(155, 4),
(198, 4),
(129, 7),
(134, 16),
(143, 10),
(68, 12),
(1, 10),
(44, 9),
(8, 18),
(12, 11),
(188, 14),
(151, 15),
(183, 13),
(179, 7),
(29, 16),
(72, 4),
(100, 13),
(167, 19),
(188, 7),
(128, 2),
(54, 2),
(151, 14),
(17, 2),
(139, 14),
(40, 11),
(140, 2),
(12, 1),
(193, 5),
(77, 8),
(70, 13),
(194, 5),
(197, 6),
(33, 14),
(142, 18),
(34, 14),
(91, 20),
(77, 12),
(121, 3),
(120, 6),
(93, 5),
(55, 11),
(44, 10),
(89, 5),
(59, 12),
(94, 7),
(53, 1),
(178, 11),
(34, 12),
(77, 13),
(101, 15),
(57, 12),
(13, 1),
(29, 10),
(36, 15),
(47, 3),
(94, 8),
(34, 13),
(72, 7),
(108, 16),
(77, 5),
(83, 1),
(78, 6),
(148, 2),
(40, 18),
(35, 14),
(16, 4),
(24, 2),
(174, 1),
(90, 1),
(114, 13),
(3, 17),
(194, 14),
(37, 7),
(115, 18),
(112, 7),
(199, 13),
(176, 14),
(79, 10),
(191, 8),
(24, 18),
(53, 18),
(39, 17),
(95, 19),
(143, 14),
(189, 11),
(106, 15),
(142, 8),
(19, 2),
(43, 4),
(33, 6),
(41, 18),
(89, 6),
(17, 8),
(139, 1),
(77, 19),
(137, 9),
(174, 18),
(172, 5),
(35, 4),
(170, 20),
(4, 8),
(89, 12),
(133, 20),
(25, 16),
(187, 13),
(60, 9),
(86, 10),
(73, 20),
(179, 2),
(37, 14),
(44, 3),
(139, 13),
(27, 9),
(106, 10),
(92, 19),
(78, 13),
(5, 9),
(162, 8),
(21, 6),
(163, 18),
(72, 17),
(157, 14),
(32, 1),
(176, 2),
(1, 14),
(111, 12),
(14, 6),
(42, 9),
(174, 14),
(78, 10),
(3, 6),
(197, 18),
(127, 11),
(150, 19),
(64, 18),
(169, 3),
(21, 17),
(157, 20),
(144, 10),
(82, 15),
(23, 10),
(77, 6),
(142, 1),
(82, 20),
(5, 1),
(192, 11),
(13, 18),
(92, 16),
(121, 5),
(21, 1),
(23, 9),
(169, 7),
(74, 4),
(124, 13),
(155, 10),
(154, 16),
(56, 19),
(18, 6),
(61, 12),
(98, 6),
(157, 17),
(87, 7),
(126, 10),
(120, 20),
(109, 17),
(175, 15),
(189, 12),
(156, 17),
(163, 20),
(98, 9),
(28, 2),
(111, 9),
(45, 15),
(101, 3),
(144, 9),
(61, 13),
(181, 6),
(88, 20),
(130, 11),
(5, 4),
(125, 17),
(121, 6),
(173, 20),
(142, 19),
(9, 3),
(55, 7);

insert into vulnerabilidad(nombre)values('plata');
insert into sustancia(id_vulnerabilidad) values((select id from vulnerabilidad where nombre='plata'));
insert into vulnerabilidad_especie(id_vulnerabilidad, id_especie) values((select id from vulnerabilidad where nombre='plata'),(select id from especie where nombre='Licántropo'));
insert into vulnerabilidad_especie(id_vulnerabilidad, id_especie) values((select id from vulnerabilidad where nombre='plata'),(select id from especie where nombre='Fae'));
insert into vulnerabilidad(nombre)values('hierro');
insert into sustancia(id_vulnerabilidad) values((select id from vulnerabilidad where nombre='hierro'));
insert into vulnerabilidad_especie(id_vulnerabilidad, id_especie) values((select id from vulnerabilidad where nombre='hierro'),(select id from especie where nombre='Fantasma'));
insert into vulnerabilidad_especie(id_vulnerabilidad, id_especie) values((select id from vulnerabilidad where nombre='hierro'),(select id from especie where nombre='Fae'));
insert into vulnerabilidad_especie(id_vulnerabilidad, id_especie) values((select id from vulnerabilidad where nombre='hierro'),(select id from especie where nombre='Espectro'));
insert into vulnerabilidad(nombre)values('luz solar');
insert into sustancia(id_vulnerabilidad) values((select id from vulnerabilidad where nombre='luz solar'));
insert into vulnerabilidad_especie(id_vulnerabilidad, id_especie) values((select id from vulnerabilidad where nombre='luz solar'),(select id from especie where nombre='Vampiro'));
insert into vulnerabilidad(nombre)values('estaca de madera');
insert into arma(tipo,id_vulnerabilidad) values('otros',(select id from vulnerabilidad where nombre='estaca de madera'));
insert into vulnerabilidad_especie(id_vulnerabilidad, id_especie) values((select id from vulnerabilidad where nombre='estaca de madera'),(select id from especie where nombre='Vampiro'));

insert into vulnerabilidad(nombre)values('símbolo arcano');
insert into libro(titulo)values('Necronomicón');
insert into hechizo(id_vulnerabilidad,id_libro) values((select id from vulnerabilidad where nombre='símbolo arcano'),(select id from libro where titulo='Necronomicón'));
insert into vulnerabilidad_especie(id_vulnerabilidad, id_especie) values((select id from vulnerabilidad where nombre='símbolo arcano'),(select id from especie where nombre='Profundo'));


update vulnerabilidad set nombre='Amanecer' where id=56;
update vulnerabilidad set nombre='Puño de la verdad' where id=1;
update vulnerabilidad set nombre='Expulsor' where id=4;
update vulnerabilidad set nombre='Corta alas' where id=5;
update vulnerabilidad set nombre='Rosario de hierro frío' where id=34;
update vulnerabilidad set nombre='Hoja de Caín' where id=42;



